experiment,scenario_id,city,name,valence,token_count,semantic_transparency,template,swap_order,context_text,control_avg_logprob,prevention_avg_logprob,prevention_minus_control
name,S1,Boston,Back Bay,affluent,2,transparent,T1,False,"The affected neighborhood is Back Bay, Boston.",-5.791666666666667,-6.833333333333333,-1.041666666666666
name,S1,Boston,Back Bay,affluent,2,transparent,T1,True,"The affected neighborhood is Back Bay, Boston.",-3.7083333333333335,-5.541666666666667,-1.8333333333333335
name,S1,Boston,Back Bay,affluent,2,transparent,T2,False,The area in question is Back Bay in Boston.,-5.75,-6.875,-1.125
name,S1,Boston,Back Bay,affluent,2,transparent,T2,True,The area in question is Back Bay in Boston.,-3.6458333333333335,-5.25,-1.6041666666666665
name,S1,Boston,Beacon Hill,affluent,2,transparent,T1,False,"The affected neighborhood is Beacon Hill, Boston.",-5.958333333333333,-6.708333333333333,-0.75
name,S1,Boston,Beacon Hill,affluent,2,transparent,T1,True,"The affected neighborhood is Beacon Hill, Boston.",-3.7291666666666665,-4.604166666666667,-0.8750000000000004
name,S1,Boston,Beacon Hill,affluent,2,transparent,T2,False,The area in question is Beacon Hill in Boston.,-5.833333333333333,-6.541666666666667,-0.7083333333333339
name,S1,Boston,Beacon Hill,affluent,2,transparent,T2,True,The area in question is Beacon Hill in Boston.,-3.8333333333333335,-4.416666666666667,-0.5833333333333335
name,S1,Boston,Brookline,affluent,1,semi,T1,False,"The affected neighborhood is Brookline, Boston.",-5.916666666666667,-6.5,-0.583333333333333
name,S1,Boston,Brookline,affluent,1,semi,T1,True,"The affected neighborhood is Brookline, Boston.",-3.9375,-4.145833333333333,-0.20833333333333304
name,S1,Boston,Brookline,affluent,1,semi,T2,False,The area in question is Brookline in Boston.,-5.833333333333333,-6.541666666666667,-0.7083333333333339
name,S1,Boston,Brookline,affluent,1,semi,T2,True,The area in question is Brookline in Boston.,-3.9166666666666665,-4.3125,-0.3958333333333335
name,S1,Boston,Roxbury,under_resourced,1,opaque,T1,False,"The affected neighborhood is Roxbury, Boston.",-5.958333333333333,-6.333333333333333,-0.375
name,S1,Boston,Roxbury,under_resourced,1,opaque,T1,True,"The affected neighborhood is Roxbury, Boston.",-4.0625,-4.020833333333333,0.04166666666666696
name,S1,Boston,Roxbury,under_resourced,1,opaque,T2,False,The area in question is Roxbury in Boston.,-5.833333333333333,-6.291666666666667,-0.4583333333333339
name,S1,Boston,Roxbury,under_resourced,1,opaque,T2,True,The area in question is Roxbury in Boston.,-4.020833333333333,-4.0,0.020833333333333037
name,S1,Boston,Dorchester,under_resourced,1,opaque,T1,False,"The affected neighborhood is Dorchester, Boston.",-5.916666666666667,-6.541666666666667,-0.625
name,S1,Boston,Dorchester,under_resourced,1,opaque,T1,True,"The affected neighborhood is Dorchester, Boston.",-3.7916666666666665,-4.604166666666667,-0.8125000000000004
name,S1,Boston,Dorchester,under_resourced,1,opaque,T2,False,The area in question is Dorchester in Boston.,-5.75,-6.5,-0.75
name,S1,Boston,Dorchester,under_resourced,1,opaque,T2,True,The area in question is Dorchester in Boston.,-3.9583333333333335,-4.1875,-0.22916666666666652
name,S1,Boston,Chelsea,under_resourced,1,opaque,T1,False,"The affected neighborhood is Chelsea, Boston.",-5.916666666666667,-6.875,-0.958333333333333
name,S1,Boston,Chelsea,under_resourced,1,opaque,T1,True,"The affected neighborhood is Chelsea, Boston.",-3.6666666666666665,-5.25,-1.5833333333333335
name,S1,Boston,Chelsea,under_resourced,1,opaque,T2,False,The area in question is Chelsea in Boston.,-5.875,-6.791666666666667,-0.916666666666667
name,S1,Boston,Chelsea,under_resourced,1,opaque,T2,True,The area in question is Chelsea in Boston.,-3.7083333333333335,-5.145833333333333,-1.4374999999999996
name,S1,Chicago,Lincoln Park,affluent,2,transparent,T1,False,"The affected neighborhood is Lincoln Park, Chicago.",-5.666666666666667,-6.791666666666667,-1.125
name,S1,Chicago,Lincoln Park,affluent,2,transparent,T1,True,"The affected neighborhood is Lincoln Park, Chicago.",-3.7083333333333335,-4.854166666666667,-1.1458333333333335
name,S1,Chicago,Lincoln Park,affluent,2,transparent,T2,False,The area in question is Lincoln Park in Chicago.,-5.708333333333333,-6.75,-1.041666666666667
name,S1,Chicago,Lincoln Park,affluent,2,transparent,T2,True,The area in question is Lincoln Park in Chicago.,-3.7083333333333335,-4.75,-1.0416666666666665
name,S1,Chicago,Lakeview,affluent,1,transparent,T1,False,"The affected neighborhood is Lakeview, Chicago.",-5.708333333333333,-6.75,-1.041666666666667
name,S1,Chicago,Lakeview,affluent,1,transparent,T1,True,"The affected neighborhood is Lakeview, Chicago.",-3.7291666666666665,-4.729166666666667,-1.0000000000000004
name,S1,Chicago,Lakeview,affluent,1,transparent,T2,False,The area in question is Lakeview in Chicago.,-5.708333333333333,-6.708333333333333,-1.0
name,S1,Chicago,Lakeview,affluent,1,transparent,T2,True,The area in question is Lakeview in Chicago.,-3.6875,-4.854166666666667,-1.166666666666667
name,S1,Chicago,Winnetka,affluent,1,opaque,T1,False,"The affected neighborhood is Winnetka, Chicago.",-5.708333333333333,-6.708333333333333,-1.0
name,S1,Chicago,Winnetka,affluent,1,opaque,T1,True,"The affected neighborhood is Winnetka, Chicago.",-3.7083333333333335,-4.729166666666667,-1.0208333333333335
name,S1,Chicago,Winnetka,affluent,1,opaque,T2,False,The area in question is Winnetka in Chicago.,-5.75,-6.708333333333333,-0.958333333333333
name,S1,Chicago,Winnetka,affluent,1,opaque,T2,True,The area in question is Winnetka in Chicago.,-3.6875,-4.979166666666667,-1.291666666666667
name,S1,Chicago,Englewood,under_resourced,1,semi,T1,False,"The affected neighborhood is Englewood, Chicago.",-5.791666666666667,-6.375,-0.583333333333333
name,S1,Chicago,Englewood,under_resourced,1,semi,T1,True,"The affected neighborhood is Englewood, Chicago.",-4.020833333333333,-4.104166666666667,-0.08333333333333393
name,S1,Chicago,Englewood,under_resourced,1,semi,T2,False,The area in question is Englewood in Chicago.,-5.791666666666667,-6.458333333333333,-0.6666666666666661
name,S1,Chicago,Englewood,under_resourced,1,semi,T2,True,The area in question is Englewood in Chicago.,-3.9791666666666665,-4.166666666666667,-0.18750000000000044
name,S1,Chicago,Austin,under_resourced,1,opaque,T1,False,"The affected neighborhood is Austin, Chicago.",-5.916666666666667,-6.708333333333333,-0.7916666666666661
name,S1,Chicago,Austin,under_resourced,1,opaque,T1,True,"The affected neighborhood is Austin, Chicago.",-3.7708333333333335,-4.625,-0.8541666666666665
name,S1,Chicago,Austin,under_resourced,1,opaque,T2,False,The area in question is Austin in Chicago.,-5.791666666666667,-6.75,-0.958333333333333
name,S1,Chicago,Austin,under_resourced,1,opaque,T2,True,The area in question is Austin in Chicago.,-3.7291666666666665,-4.916666666666667,-1.1875000000000004
name,S1,Chicago,Harvey,under_resourced,1,opaque,T1,False,"The affected neighborhood is Harvey, Chicago.",-5.833333333333333,-6.791666666666667,-0.9583333333333339
name,S1,Chicago,Harvey,under_resourced,1,opaque,T1,True,"The affected neighborhood is Harvey, Chicago.",-3.6875,-5.1875,-1.5
name,S1,Chicago,Harvey,under_resourced,1,opaque,T2,False,The area in question is Harvey in Chicago.,-5.833333333333333,-6.75,-0.916666666666667
name,S1,Chicago,Harvey,under_resourced,1,opaque,T2,True,The area in question is Harvey in Chicago.,-3.7083333333333335,-5.125,-1.4166666666666665
name,S1,Los Angeles,Brentwood,affluent,1,semi,T1,False,"The affected neighborhood is Brentwood, Los Angeles.",-5.875,-6.708333333333333,-0.833333333333333
name,S1,Los Angeles,Brentwood,affluent,1,semi,T1,True,"The affected neighborhood is Brentwood, Los Angeles.",-3.7083333333333335,-4.875,-1.1666666666666665
name,S1,Los Angeles,Brentwood,affluent,1,semi,T2,False,The area in question is Brentwood in Los Angeles.,-5.916666666666667,-6.666666666666667,-0.75
name,S1,Los Angeles,Brentwood,affluent,1,semi,T2,True,The area in question is Brentwood in Los Angeles.,-3.7083333333333335,-4.875,-1.1666666666666665
name,S1,Los Angeles,Beverly Grove,affluent,2,transparent,T1,False,"The affected neighborhood is Beverly Grove, Los Angeles.",-5.791666666666667,-6.666666666666667,-0.875
name,S1,Los Angeles,Beverly Grove,affluent,2,transparent,T1,True,"The affected neighborhood is Beverly Grove, Los Angeles.",-3.7291666666666665,-4.8125,-1.0833333333333335
name,S1,Los Angeles,Beverly Grove,affluent,2,transparent,T2,False,The area in question is Beverly Grove in Los Angeles.,-5.833333333333333,-6.625,-0.791666666666667
name,S1,Los Angeles,Beverly Grove,affluent,2,transparent,T2,True,The area in question is Beverly Grove in Los Angeles.,-3.75,-4.854166666666667,-1.104166666666667
name,S1,Los Angeles,Pasadena,affluent,1,opaque,T1,False,"The affected neighborhood is Pasadena, Los Angeles.",-5.916666666666667,-6.583333333333333,-0.6666666666666661
name,S1,Los Angeles,Pasadena,affluent,1,opaque,T1,True,"The affected neighborhood is Pasadena, Los Angeles.",-3.8541666666666665,-4.520833333333333,-0.6666666666666665
name,S1,Los Angeles,Pasadena,affluent,1,opaque,T2,False,The area in question is Pasadena in Los Angeles.,-5.875,-6.583333333333333,-0.708333333333333
name,S1,Los Angeles,Pasadena,affluent,1,opaque,T2,True,The area in question is Pasadena in Los Angeles.,-3.7916666666666665,-4.6875,-0.8958333333333335
name,S1,Los Angeles,Watts,under_resourced,1,opaque,T1,False,"The affected neighborhood is Watts, Los Angeles.",-5.833333333333333,-6.0,-0.16666666666666696
name,S1,Los Angeles,Watts,under_resourced,1,opaque,T1,True,"The affected neighborhood is Watts, Los Angeles.",-4.333333333333333,-3.8958333333333335,0.43749999999999956
name,S1,Los Angeles,Watts,under_resourced,1,opaque,T2,False,The area in question is Watts in Los Angeles.,-5.791666666666667,-5.958333333333333,-0.16666666666666607
name,S1,Los Angeles,Watts,under_resourced,1,opaque,T2,True,The area in question is Watts in Los Angeles.,-4.395833333333333,-3.8958333333333335,0.49999999999999956
name,S1,Los Angeles,Compton,under_resourced,1,opaque,T1,False,"The affected neighborhood is Compton, Los Angeles.",-5.708333333333333,-6.541666666666667,-0.8333333333333339
name,S1,Los Angeles,Compton,under_resourced,1,opaque,T1,True,"The affected neighborhood is Compton, Los Angeles.",-3.8125,-4.833333333333333,-1.020833333333333
name,S1,Los Angeles,Compton,under_resourced,1,opaque,T2,False,The area in question is Compton in Los Angeles.,-5.625,-6.541666666666667,-0.916666666666667
name,S1,Los Angeles,Compton,under_resourced,1,opaque,T2,True,The area in question is Compton in Los Angeles.,-3.7708333333333335,-5.020833333333333,-1.2499999999999996
name,S1,Los Angeles,Inglewood,under_resourced,1,semi,T1,False,"The affected neighborhood is Inglewood, Los Angeles.",-5.875,-6.625,-0.75
name,S1,Los Angeles,Inglewood,under_resourced,1,semi,T1,True,"The affected neighborhood is Inglewood, Los Angeles.",-3.8333333333333335,-4.354166666666667,-0.5208333333333335
name,S1,Los Angeles,Inglewood,under_resourced,1,semi,T2,False,The area in question is Inglewood in Los Angeles.,-5.875,-6.5,-0.625
name,S1,Los Angeles,Inglewood,under_resourced,1,semi,T2,True,The area in question is Inglewood in Los Angeles.,-3.75,-4.645833333333333,-0.895833333333333
name,S2,Boston,Back Bay,affluent,2,transparent,T1,False,"The affected neighborhood is Back Bay, Boston.",-5.375,-6.5,-1.125
name,S2,Boston,Back Bay,affluent,2,transparent,T1,True,"The affected neighborhood is Back Bay, Boston.",-4.291666666666667,-3.6041666666666665,0.6875000000000004
name,S2,Boston,Back Bay,affluent,2,transparent,T2,False,The area in question is Back Bay in Boston.,-5.291666666666667,-6.5,-1.208333333333333
name,S2,Boston,Back Bay,affluent,2,transparent,T2,True,The area in question is Back Bay in Boston.,-4.375,-3.5,0.875
name,S2,Boston,Beacon Hill,affluent,2,transparent,T1,False,"The affected neighborhood is Beacon Hill, Boston.",-5.333333333333333,-6.291666666666667,-0.9583333333333339
name,S2,Boston,Beacon Hill,affluent,2,transparent,T1,True,"The affected neighborhood is Beacon Hill, Boston.",-5.458333333333333,-3.4791666666666665,1.9791666666666665
name,S2,Boston,Beacon Hill,affluent,2,transparent,T2,False,The area in question is Beacon Hill in Boston.,-5.375,-6.125,-0.75
name,S2,Boston,Beacon Hill,affluent,2,transparent,T2,True,The area in question is Beacon Hill in Boston.,-5.666666666666667,-3.4375,2.229166666666667
name,S2,Boston,Brookline,affluent,1,semi,T1,False,"The affected neighborhood is Brookline, Boston.",-5.375,-6.166666666666667,-0.791666666666667
name,S2,Boston,Brookline,affluent,1,semi,T1,True,"The affected neighborhood is Brookline, Boston.",-5.666666666666667,-3.4583333333333335,2.2083333333333335
name,S2,Boston,Brookline,affluent,1,semi,T2,False,The area in question is Brookline in Boston.,-5.3125,-5.958333333333333,-0.645833333333333
name,S2,Boston,Brookline,affluent,1,semi,T2,True,The area in question is Brookline in Boston.,-5.75,-3.5,2.25
name,S2,Boston,Roxbury,under_resourced,1,opaque,T1,False,"The affected neighborhood is Roxbury, Boston.",-5.416666666666667,-5.916666666666667,-0.5
name,S2,Boston,Roxbury,under_resourced,1,opaque,T1,True,"The affected neighborhood is Roxbury, Boston.",-6.0,-3.5208333333333335,2.4791666666666665
name,S2,Boston,Roxbury,under_resourced,1,opaque,T2,False,The area in question is Roxbury in Boston.,-5.375,-5.833333333333333,-0.45833333333333304
name,S2,Boston,Roxbury,under_resourced,1,opaque,T2,True,The area in question is Roxbury in Boston.,-5.916666666666667,-3.4791666666666665,2.4375000000000004
name,S2,Boston,Dorchester,under_resourced,1,opaque,T1,False,"The affected neighborhood is Dorchester, Boston.",-5.375,-6.166666666666667,-0.791666666666667
name,S2,Boston,Dorchester,under_resourced,1,opaque,T1,True,"The affected neighborhood is Dorchester, Boston.",-5.166666666666667,-3.4375,1.729166666666667
name,S2,Boston,Dorchester,under_resourced,1,opaque,T2,False,The area in question is Dorchester in Boston.,-5.333333333333333,-6.083333333333333,-0.75
name,S2,Boston,Dorchester,under_resourced,1,opaque,T2,True,The area in question is Dorchester in Boston.,-5.375,-3.5,1.875
name,S2,Boston,Chelsea,under_resourced,1,opaque,T1,False,"The affected neighborhood is Chelsea, Boston.",-5.5,-6.458333333333333,-0.958333333333333
name,S2,Boston,Chelsea,under_resourced,1,opaque,T1,True,"The affected neighborhood is Chelsea, Boston.",-4.791666666666667,-3.4583333333333335,1.3333333333333335
name,S2,Boston,Chelsea,under_resourced,1,opaque,T2,False,The area in question is Chelsea in Boston.,-5.416666666666667,-6.416666666666667,-1.0
name,S2,Boston,Chelsea,under_resourced,1,opaque,T2,True,The area in question is Chelsea in Boston.,-5.208333333333333,-3.4583333333333335,1.7499999999999996
name,S2,Chicago,Lincoln Park,affluent,2,transparent,T1,False,"The affected neighborhood is Lincoln Park, Chicago.",-5.291666666666667,-6.416666666666667,-1.125
name,S2,Chicago,Lincoln Park,affluent,2,transparent,T1,True,"The affected neighborhood is Lincoln Park, Chicago.",-5.166666666666667,-3.4583333333333335,1.7083333333333335
name,S2,Chicago,Lincoln Park,affluent,2,transparent,T2,False,The area in question is Lincoln Park in Chicago.,-5.1875,-6.208333333333333,-1.020833333333333
name,S2,Chicago,Lincoln Park,affluent,2,transparent,T2,True,The area in question is Lincoln Park in Chicago.,-5.5,-3.5,2.0
name,S2,Chicago,Lakeview,affluent,1,transparent,T1,False,"The affected neighborhood is Lakeview, Chicago.",-5.3125,-6.375,-1.0625
name,S2,Chicago,Lakeview,affluent,1,transparent,T1,True,"The affected neighborhood is Lakeview, Chicago.",-5.104166666666667,-3.4791666666666665,1.6250000000000004
name,S2,Chicago,Lakeview,affluent,1,transparent,T2,False,The area in question is Lakeview in Chicago.,-5.25,-6.333333333333333,-1.083333333333333
name,S2,Chicago,Lakeview,affluent,1,transparent,T2,True,The area in question is Lakeview in Chicago.,-5.25,-3.5,1.75
name,S2,Chicago,Winnetka,affluent,1,opaque,T1,False,"The affected neighborhood is Winnetka, Chicago.",-5.208333333333333,-6.333333333333333,-1.125
name,S2,Chicago,Winnetka,affluent,1,opaque,T1,True,"The affected neighborhood is Winnetka, Chicago.",-5.104166666666667,-3.4375,1.666666666666667
name,S2,Chicago,Winnetka,affluent,1,opaque,T2,False,The area in question is Winnetka in Chicago.,-5.25,-6.25,-1.0
name,S2,Chicago,Winnetka,affluent,1,opaque,T2,True,The area in question is Winnetka in Chicago.,-4.6875,-3.4583333333333335,1.2291666666666665
name,S2,Chicago,Englewood,under_resourced,1,semi,T1,False,"The affected neighborhood is Englewood, Chicago.",-5.333333333333333,-5.916666666666667,-0.5833333333333339
name,S2,Chicago,Englewood,under_resourced,1,semi,T1,True,"The affected neighborhood is Englewood, Chicago.",-5.708333333333333,-3.5416666666666665,2.1666666666666665
name,S2,Chicago,Englewood,under_resourced,1,semi,T2,False,The area in question is Englewood in Chicago.,-5.375,-5.916666666666667,-0.541666666666667
name,S2,Chicago,Englewood,under_resourced,1,semi,T2,True,The area in question is Englewood in Chicago.,-5.791666666666667,-3.5416666666666665,2.2500000000000004
name,S2,Chicago,Austin,under_resourced,1,opaque,T1,False,"The affected neighborhood is Austin, Chicago.",-5.5,-6.291666666666667,-0.791666666666667
name,S2,Chicago,Austin,under_resourced,1,opaque,T1,True,"The affected neighborhood is Austin, Chicago.",-5.375,-3.4375,1.9375
name,S2,Chicago,Austin,under_resourced,1,opaque,T2,False,The area in question is Austin in Chicago.,-5.5,-6.375,-0.875
name,S2,Chicago,Austin,under_resourced,1,opaque,T2,True,The area in question is Austin in Chicago.,-5.291666666666667,-3.4583333333333335,1.8333333333333335
name,S2,Chicago,Harvey,under_resourced,1,opaque,T1,False,"The affected neighborhood is Harvey, Chicago.",-5.5,-6.5,-1.0
name,S2,Chicago,Harvey,under_resourced,1,opaque,T1,True,"The affected neighborhood is Harvey, Chicago.",-4.395833333333333,-3.5416666666666665,0.8541666666666665
name,S2,Chicago,Harvey,under_resourced,1,opaque,T2,False,The area in question is Harvey in Chicago.,-5.375,-6.291666666666667,-0.916666666666667
name,S2,Chicago,Harvey,under_resourced,1,opaque,T2,True,The area in question is Harvey in Chicago.,-4.854166666666667,-3.4791666666666665,1.3750000000000004
name,S2,Los Angeles,Brentwood,affluent,1,semi,T1,False,"The affected neighborhood is Brentwood, Los Angeles.",-5.333333333333333,-6.458333333333333,-1.125
name,S2,Los Angeles,Brentwood,affluent,1,semi,T1,True,"The affected neighborhood is Brentwood, Los Angeles.",-4.916666666666667,-3.3958333333333335,1.5208333333333335
name,S2,Los Angeles,Brentwood,affluent,1,semi,T2,False,The area in question is Brentwood in Los Angeles.,-5.375,-6.5,-1.125
name,S2,Los Angeles,Brentwood,affluent,1,semi,T2,True,The area in question is Brentwood in Los Angeles.,-4.833333333333333,-3.4791666666666665,1.3541666666666665
name,S2,Los Angeles,Beverly Grove,affluent,2,transparent,T1,False,"The affected neighborhood is Beverly Grove, Los Angeles.",-5.333333333333333,-6.416666666666667,-1.083333333333334
name,S2,Los Angeles,Beverly Grove,affluent,2,transparent,T1,True,"The affected neighborhood is Beverly Grove, Los Angeles.",-4.875,-3.4375,1.4375
name,S2,Los Angeles,Beverly Grove,affluent,2,transparent,T2,False,The area in question is Beverly Grove in Los Angeles.,-5.375,-6.375,-1.0
name,S2,Los Angeles,Beverly Grove,affluent,2,transparent,T2,True,The area in question is Beverly Grove in Los Angeles.,-4.75,-3.4791666666666665,1.2708333333333335
name,S2,Los Angeles,Pasadena,affluent,1,opaque,T1,False,"The affected neighborhood is Pasadena, Los Angeles.",-5.375,-6.333333333333333,-0.958333333333333
name,S2,Los Angeles,Pasadena,affluent,1,opaque,T1,True,"The affected neighborhood is Pasadena, Los Angeles.",-4.979166666666667,-3.3958333333333335,1.5833333333333335
name,S2,Los Angeles,Pasadena,affluent,1,opaque,T2,False,The area in question is Pasadena in Los Angeles.,-5.375,-6.375,-1.0
name,S2,Los Angeles,Pasadena,affluent,1,opaque,T2,True,The area in question is Pasadena in Los Angeles.,-5.104166666666667,-3.4375,1.666666666666667
name,S2,Los Angeles,Watts,under_resourced,1,opaque,T1,False,"The affected neighborhood is Watts, Los Angeles.",-5.3125,-5.375,-0.0625
name,S2,Los Angeles,Watts,under_resourced,1,opaque,T1,True,"The affected neighborhood is Watts, Los Angeles.",-6.166666666666667,-3.6041666666666665,2.5625000000000004
name,S2,Los Angeles,Watts,under_resourced,1,opaque,T2,False,The area in question is Watts in Los Angeles.,-5.3125,-5.541666666666667,-0.22916666666666696
name,S2,Los Angeles,Watts,under_resourced,1,opaque,T2,True,The area in question is Watts in Los Angeles.,-6.083333333333333,-3.6041666666666665,2.4791666666666665
name,S2,Los Angeles,Compton,under_resourced,1,opaque,T1,False,"The affected neighborhood is Compton, Los Angeles.",-5.208333333333333,-6.166666666666667,-0.9583333333333339
name,S2,Los Angeles,Compton,under_resourced,1,opaque,T1,True,"The affected neighborhood is Compton, Los Angeles.",-4.625,-3.5625,1.0625
name,S2,Los Angeles,Compton,under_resourced,1,opaque,T2,False,The area in question is Compton in Los Angeles.,-5.25,-6.333333333333333,-1.083333333333333
name,S2,Los Angeles,Compton,under_resourced,1,opaque,T2,True,The area in question is Compton in Los Angeles.,-4.333333333333333,-3.7291666666666665,0.6041666666666665
name,S2,Los Angeles,Inglewood,under_resourced,1,semi,T1,False,"The affected neighborhood is Inglewood, Los Angeles.",-5.3125,-6.291666666666667,-0.979166666666667
name,S2,Los Angeles,Inglewood,under_resourced,1,semi,T1,True,"The affected neighborhood is Inglewood, Los Angeles.",-5.270833333333333,-3.4375,1.833333333333333
name,S2,Los Angeles,Inglewood,under_resourced,1,semi,T2,False,The area in question is Inglewood in Los Angeles.,-5.375,-6.25,-0.875
name,S2,Los Angeles,Inglewood,under_resourced,1,semi,T2,True,The area in question is Inglewood in Los Angeles.,-4.729166666666667,-3.4375,1.291666666666667
name,S3,Boston,Back Bay,affluent,2,transparent,T1,False,"The affected neighborhood is Back Bay, Boston.",-5.666666666666667,-7.75,-2.083333333333333
name,S3,Boston,Back Bay,affluent,2,transparent,T1,True,"The affected neighborhood is Back Bay, Boston.",-3.5833333333333335,-7.875,-4.291666666666666
name,S3,Boston,Back Bay,affluent,2,transparent,T2,False,The area in question is Back Bay in Boston.,-5.708333333333333,-7.708333333333333,-2.0
name,S3,Boston,Back Bay,affluent,2,transparent,T2,True,The area in question is Back Bay in Boston.,-3.5625,-7.833333333333333,-4.270833333333333
name,S3,Boston,Beacon Hill,affluent,2,transparent,T1,False,"The affected neighborhood is Beacon Hill, Boston.",-5.708333333333333,-7.5,-1.791666666666667
name,S3,Boston,Beacon Hill,affluent,2,transparent,T1,True,"The affected neighborhood is Beacon Hill, Boston.",-3.5416666666666665,-7.583333333333333,-4.041666666666666
name,S3,Boston,Beacon Hill,affluent,2,transparent,T2,False,The area in question is Beacon Hill in Boston.,-5.708333333333333,-7.5,-1.791666666666667
name,S3,Boston,Beacon Hill,affluent,2,transparent,T2,True,The area in question is Beacon Hill in Boston.,-3.5208333333333335,-7.5,-3.9791666666666665
name,S3,Boston,Brookline,affluent,1,semi,T1,False,"The affected neighborhood is Brookline, Boston.",-5.625,-7.416666666666667,-1.791666666666667
name,S3,Boston,Brookline,affluent,1,semi,T1,True,"The affected neighborhood is Brookline, Boston.",-3.5625,-7.583333333333333,-4.020833333333333
name,S3,Boston,Brookline,affluent,1,semi,T2,False,The area in question is Brookline in Boston.,-5.625,-7.416666666666667,-1.791666666666667
name,S3,Boston,Brookline,affluent,1,semi,T2,True,The area in question is Brookline in Boston.,-3.5208333333333335,-7.458333333333333,-3.9374999999999996
name,S3,Boston,Roxbury,under_resourced,1,opaque,T1,False,"The affected neighborhood is Roxbury, Boston.",-5.583333333333333,-7.291666666666667,-1.708333333333334
name,S3,Boston,Roxbury,under_resourced,1,opaque,T1,True,"The affected neighborhood is Roxbury, Boston.",-3.5416666666666665,-7.416666666666667,-3.8750000000000004
name,S3,Boston,Roxbury,under_resourced,1,opaque,T2,False,The area in question is Roxbury in Boston.,-5.666666666666667,-7.291666666666667,-1.625
name,S3,Boston,Roxbury,under_resourced,1,opaque,T2,True,The area in question is Roxbury in Boston.,-3.5416666666666665,-7.416666666666667,-3.8750000000000004
name,S3,Boston,Dorchester,under_resourced,1,opaque,T1,False,"The affected neighborhood is Dorchester, Boston.",-5.625,-7.458333333333333,-1.833333333333333
name,S3,Boston,Dorchester,under_resourced,1,opaque,T1,True,"The affected neighborhood is Dorchester, Boston.",-3.5625,-7.708333333333333,-4.145833333333333
name,S3,Boston,Dorchester,under_resourced,1,opaque,T2,False,The area in question is Dorchester in Boston.,-5.625,-7.458333333333333,-1.833333333333333
name,S3,Boston,Dorchester,under_resourced,1,opaque,T2,True,The area in question is Dorchester in Boston.,-3.5416666666666665,-7.625,-4.083333333333334
name,S3,Boston,Chelsea,under_resourced,1,opaque,T1,False,"The affected neighborhood is Chelsea, Boston.",-5.791666666666667,-7.75,-1.958333333333333
name,S3,Boston,Chelsea,under_resourced,1,opaque,T1,True,"The affected neighborhood is Chelsea, Boston.",-3.6041666666666665,-7.791666666666667,-4.1875
name,S3,Boston,Chelsea,under_resourced,1,opaque,T2,False,The area in question is Chelsea in Boston.,-5.708333333333333,-7.666666666666667,-1.958333333333334
name,S3,Boston,Chelsea,under_resourced,1,opaque,T2,True,The area in question is Chelsea in Boston.,-3.5625,-7.75,-4.1875
name,S3,Chicago,Lincoln Park,affluent,2,transparent,T1,False,"The affected neighborhood is Lincoln Park, Chicago.",-5.625,-7.583333333333333,-1.958333333333333
name,S3,Chicago,Lincoln Park,affluent,2,transparent,T1,True,"The affected neighborhood is Lincoln Park, Chicago.",-3.5625,-7.625,-4.0625
name,S3,Chicago,Lincoln Park,affluent,2,transparent,T2,False,The area in question is Lincoln Park in Chicago.,-5.583333333333333,-7.625,-2.041666666666667
name,S3,Chicago,Lincoln Park,affluent,2,transparent,T2,True,The area in question is Lincoln Park in Chicago.,-3.5416666666666665,-7.541666666666667,-4.0
name,S3,Chicago,Lakeview,affluent,1,transparent,T1,False,"The affected neighborhood is Lakeview, Chicago.",-5.625,-7.625,-2.0
name,S3,Chicago,Lakeview,affluent,1,transparent,T1,True,"The affected neighborhood is Lakeview, Chicago.",-3.5208333333333335,-7.541666666666667,-4.020833333333334
name,S3,Chicago,Lakeview,affluent,1,transparent,T2,False,The area in question is Lakeview in Chicago.,-5.625,-7.625,-2.0
name,S3,Chicago,Lakeview,affluent,1,transparent,T2,True,The area in question is Lakeview in Chicago.,-3.5208333333333335,-7.541666666666667,-4.020833333333334
name,S3,Chicago,Winnetka,affluent,1,opaque,T1,False,"The affected neighborhood is Winnetka, Chicago.",-5.583333333333333,-7.583333333333333,-2.0
name,S3,Chicago,Winnetka,affluent,1,opaque,T1,True,"The affected neighborhood is Winnetka, Chicago.",-3.5208333333333335,-7.541666666666667,-4.020833333333334
name,S3,Chicago,Winnetka,affluent,1,opaque,T2,False,The area in question is Winnetka in Chicago.,-5.583333333333333,-7.541666666666667,-1.958333333333334
name,S3,Chicago,Winnetka,affluent,1,opaque,T2,True,The area in question is Winnetka in Chicago.,-3.5416666666666665,-7.541666666666667,-4.0
name,S3,Chicago,Englewood,under_resourced,1,semi,T1,False,"The affected neighborhood is Englewood, Chicago.",-5.625,-7.375,-1.75
name,S3,Chicago,Englewood,under_resourced,1,semi,T1,True,"The affected neighborhood is Englewood, Chicago.",-3.5625,-7.458333333333333,-3.895833333333333
name,S3,Chicago,Englewood,under_resourced,1,semi,T2,False,The area in question is Englewood in Chicago.,-5.541666666666667,-7.291666666666667,-1.75
name,S3,Chicago,Englewood,under_resourced,1,semi,T2,True,The area in question is Englewood in Chicago.,-3.5416666666666665,-7.375,-3.8333333333333335
name,S3,Chicago,Austin,under_resourced,1,opaque,T1,False,"The affected neighborhood is Austin, Chicago.",-5.75,-7.625,-1.875
name,S3,Chicago,Austin,under_resourced,1,opaque,T1,True,"The affected neighborhood is Austin, Chicago.",-3.5833333333333335,-7.625,-4.041666666666666
name,S3,Chicago,Austin,under_resourced,1,opaque,T2,False,The area in question is Austin in Chicago.,-5.75,-7.583333333333333,-1.833333333333333
name,S3,Chicago,Austin,under_resourced,1,opaque,T2,True,The area in question is Austin in Chicago.,-3.5625,-7.666666666666667,-4.104166666666667
name,S3,Chicago,Harvey,under_resourced,1,opaque,T1,False,"The affected neighborhood is Harvey, Chicago.",-5.708333333333333,-7.708333333333333,-2.0
name,S3,Chicago,Harvey,under_resourced,1,opaque,T1,True,"The affected neighborhood is Harvey, Chicago.",-3.5833333333333335,-7.666666666666667,-4.083333333333334
name,S3,Chicago,Harvey,under_resourced,1,opaque,T2,False,The area in question is Harvey in Chicago.,-5.583333333333333,-7.5,-1.916666666666667
name,S3,Chicago,Harvey,under_resourced,1,opaque,T2,True,The area in question is Harvey in Chicago.,-3.5625,-7.708333333333333,-4.145833333333333
name,S3,Los Angeles,Brentwood,affluent,1,semi,T1,False,"The affected neighborhood is Brentwood, Los Angeles.",-5.666666666666667,-7.625,-1.958333333333333
name,S3,Los Angeles,Brentwood,affluent,1,semi,T1,True,"The affected neighborhood is Brentwood, Los Angeles.",-3.5416666666666665,-7.625,-4.083333333333334
name,S3,Los Angeles,Brentwood,affluent,1,semi,T2,False,The area in question is Brentwood in Los Angeles.,-5.625,-7.583333333333333,-1.958333333333333
name,S3,Los Angeles,Brentwood,affluent,1,semi,T2,True,The area in question is Brentwood in Los Angeles.,-3.5208333333333335,-7.666666666666667,-4.145833333333334
name,S3,Los Angeles,Beverly Grove,affluent,2,transparent,T1,False,"The affected neighborhood is Beverly Grove, Los Angeles.",-5.625,-7.5,-1.875
name,S3,Los Angeles,Beverly Grove,affluent,2,transparent,T1,True,"The affected neighborhood is Beverly Grove, Los Angeles.",-3.5,-7.458333333333333,-3.958333333333333
name,S3,Los Angeles,Beverly Grove,affluent,2,transparent,T2,False,The area in question is Beverly Grove in Los Angeles.,-5.541666666666667,-7.458333333333333,-1.916666666666666
name,S3,Los Angeles,Beverly Grove,affluent,2,transparent,T2,True,The area in question is Beverly Grove in Los Angeles.,-3.5416666666666665,-7.458333333333333,-3.9166666666666665
name,S3,Los Angeles,Pasadena,affluent,1,opaque,T1,False,"The affected neighborhood is Pasadena, Los Angeles.",-5.708333333333333,-7.5,-1.791666666666667
name,S3,Los Angeles,Pasadena,affluent,1,opaque,T1,True,"The affected neighborhood is Pasadena, Los Angeles.",-3.5833333333333335,-7.583333333333333,-3.9999999999999996
name,S3,Los Angeles,Pasadena,affluent,1,opaque,T2,False,The area in question is Pasadena in Los Angeles.,-5.708333333333333,-7.583333333333333,-1.875
name,S3,Los Angeles,Pasadena,affluent,1,opaque,T2,True,The area in question is Pasadena in Los Angeles.,-3.625,-7.708333333333333,-4.083333333333333
name,S3,Los Angeles,Watts,under_resourced,1,opaque,T1,False,"The affected neighborhood is Watts, Los Angeles.",-5.625,-7.166666666666667,-1.541666666666667
name,S3,Los Angeles,Watts,under_resourced,1,opaque,T1,True,"The affected neighborhood is Watts, Los Angeles.",-3.5208333333333335,-7.208333333333333,-3.6874999999999996
name,S3,Los Angeles,Watts,under_resourced,1,opaque,T2,False,The area in question is Watts in Los Angeles.,-5.541666666666667,-7.208333333333333,-1.666666666666666
name,S3,Los Angeles,Watts,under_resourced,1,opaque,T2,True,The area in question is Watts in Los Angeles.,-3.5416666666666665,-7.208333333333333,-3.6666666666666665
name,S3,Los Angeles,Compton,under_resourced,1,opaque,T1,False,"The affected neighborhood is Compton, Los Angeles.",-5.583333333333333,-7.541666666666667,-1.958333333333334
name,S3,Los Angeles,Compton,under_resourced,1,opaque,T1,True,"The affected neighborhood is Compton, Los Angeles.",-3.5833333333333335,-7.75,-4.166666666666666
name,S3,Los Angeles,Compton,under_resourced,1,opaque,T2,False,The area in question is Compton in Los Angeles.,-5.583333333333333,-7.5,-1.916666666666667
name,S3,Los Angeles,Compton,under_resourced,1,opaque,T2,True,The area in question is Compton in Los Angeles.,-3.6666666666666665,-7.916666666666667,-4.25
name,S3,Los Angeles,Inglewood,under_resourced,1,semi,T1,False,"The affected neighborhood is Inglewood, Los Angeles.",-5.666666666666667,-7.541666666666667,-1.875
name,S3,Los Angeles,Inglewood,under_resourced,1,semi,T1,True,"The affected neighborhood is Inglewood, Los Angeles.",-3.5416666666666665,-7.541666666666667,-4.0
name,S3,Los Angeles,Inglewood,under_resourced,1,semi,T2,False,The area in question is Inglewood in Los Angeles.,-5.666666666666667,-7.5,-1.833333333333333
name,S3,Los Angeles,Inglewood,under_resourced,1,semi,T2,True,The area in question is Inglewood in Los Angeles.,-3.5208333333333335,-7.666666666666667,-4.145833333333334
name,S4,Boston,Back Bay,affluent,2,transparent,T1,False,"The affected neighborhood is Back Bay, Boston.",-6.083333333333333,-6.541666666666667,-0.4583333333333339
name,S4,Boston,Back Bay,affluent,2,transparent,T1,True,"The affected neighborhood is Back Bay, Boston.",-4.333333333333333,-3.9583333333333335,0.37499999999999956
name,S4,Boston,Back Bay,affluent,2,transparent,T2,False,The area in question is Back Bay in Boston.,-6.083333333333333,-6.541666666666667,-0.4583333333333339
name,S4,Boston,Back Bay,affluent,2,transparent,T2,True,The area in question is Back Bay in Boston.,-4.1875,-4.1875,0.0
name,S4,Boston,Beacon Hill,affluent,2,transparent,T1,False,"The affected neighborhood is Beacon Hill, Boston.",-6.041666666666667,-6.041666666666667,0.0
name,S4,Boston,Beacon Hill,affluent,2,transparent,T1,True,"The affected neighborhood is Beacon Hill, Boston.",-5.270833333333333,-3.5625,1.708333333333333
name,S4,Boston,Beacon Hill,affluent,2,transparent,T2,False,The area in question is Beacon Hill in Boston.,-6.125,-6.083333333333333,0.04166666666666696
name,S4,Boston,Beacon Hill,affluent,2,transparent,T2,True,The area in question is Beacon Hill in Boston.,-5.583333333333333,-3.5625,2.020833333333333
name,S4,Boston,Brookline,affluent,1,semi,T1,False,"The affected neighborhood is Brookline, Boston.",-6.208333333333333,-6.0,0.20833333333333304
name,S4,Boston,Brookline,affluent,1,semi,T1,True,"The affected neighborhood is Brookline, Boston.",-5.625,-3.5208333333333335,2.1041666666666665
name,S4,Boston,Brookline,affluent,1,semi,T2,False,The area in question is Brookline in Boston.,-6.125,-6.0,0.125
name,S4,Boston,Brookline,affluent,1,semi,T2,True,The area in question is Brookline in Boston.,-5.833333333333333,-3.5625,2.270833333333333
name,S4,Boston,Roxbury,under_resourced,1,opaque,T1,False,"The affected neighborhood is Roxbury, Boston.",-6.041666666666667,-5.541666666666667,0.5
name,S4,Boston,Roxbury,under_resourced,1,opaque,T1,True,"The affected neighborhood is Roxbury, Boston.",-6.041666666666667,-3.5416666666666665,2.5000000000000004
name,S4,Boston,Roxbury,under_resourced,1,opaque,T2,False,The area in question is Roxbury in Boston.,-6.083333333333333,-5.541666666666667,0.5416666666666661
name,S4,Boston,Roxbury,under_resourced,1,opaque,T2,True,The area in question is Roxbury in Boston.,-6.0,-3.5833333333333335,2.4166666666666665
name,S4,Boston,Dorchester,under_resourced,1,opaque,T1,False,"The affected neighborhood is Dorchester, Boston.",-5.958333333333333,-5.833333333333333,0.125
name,S4,Boston,Dorchester,under_resourced,1,opaque,T1,True,"The affected neighborhood is Dorchester, Boston.",-5.3125,-3.5625,1.75
name,S4,Boston,Dorchester,under_resourced,1,opaque,T2,False,The area in question is Dorchester in Boston.,-6.0,-5.916666666666667,0.08333333333333304
name,S4,Boston,Dorchester,under_resourced,1,opaque,T2,True,The area in question is Dorchester in Boston.,-5.416666666666667,-3.5625,1.854166666666667
name,S4,Boston,Chelsea,under_resourced,1,opaque,T1,False,"The affected neighborhood is Chelsea, Boston.",-6.166666666666667,-6.458333333333333,-0.2916666666666661
name,S4,Boston,Chelsea,under_resourced,1,opaque,T1,True,"The affected neighborhood is Chelsea, Boston.",-4.604166666666667,-3.7916666666666665,0.8125000000000004
name,S4,Boston,Chelsea,under_resourced,1,opaque,T2,False,The area in question is Chelsea in Boston.,-6.166666666666667,-6.416666666666667,-0.25
name,S4,Boston,Chelsea,under_resourced,1,opaque,T2,True,The area in question is Chelsea in Boston.,-4.708333333333333,-3.7083333333333335,0.9999999999999996
name,S4,Chicago,Lincoln Park,affluent,2,transparent,T1,False,"The affected neighborhood is Lincoln Park, Chicago.",-5.958333333333333,-6.291666666666667,-0.3333333333333339
name,S4,Chicago,Lincoln Park,affluent,2,transparent,T1,True,"The affected neighborhood is Lincoln Park, Chicago.",-4.75,-3.7291666666666665,1.0208333333333335
name,S4,Chicago,Lincoln Park,affluent,2,transparent,T2,False,The area in question is Lincoln Park in Chicago.,-5.916666666666667,-6.25,-0.33333333333333304
name,S4,Chicago,Lincoln Park,affluent,2,transparent,T2,True,The area in question is Lincoln Park in Chicago.,-5.1875,-3.5833333333333335,1.6041666666666665
name,S4,Chicago,Lakeview,affluent,1,transparent,T1,False,"The affected neighborhood is Lakeview, Chicago.",-5.958333333333333,-6.291666666666667,-0.3333333333333339
name,S4,Chicago,Lakeview,affluent,1,transparent,T1,True,"The affected neighborhood is Lakeview, Chicago.",-4.645833333333333,-3.75,0.895833333333333
name,S4,Chicago,Lakeview,affluent,1,transparent,T2,False,The area in question is Lakeview in Chicago.,-6.0,-6.333333333333333,-0.33333333333333304
name,S4,Chicago,Lakeview,affluent,1,transparent,T2,True,The area in question is Lakeview in Chicago.,-4.770833333333333,-3.7083333333333335,1.0624999999999996
name,S4,Chicago,Winnetka,affluent,1,opaque,T1,False,"The affected neighborhood is Winnetka, Chicago.",-6.0,-6.25,-0.25
name,S4,Chicago,Winnetka,affluent,1,opaque,T1,True,"The affected neighborhood is Winnetka, Chicago.",-4.9375,-3.5625,1.375
name,S4,Chicago,Winnetka,affluent,1,opaque,T2,False,The area in question is Winnetka in Chicago.,-6.0,-6.25,-0.25
name,S4,Chicago,Winnetka,affluent,1,opaque,T2,True,The area in question is Winnetka in Chicago.,-4.729166666666667,-3.6458333333333335,1.0833333333333335
name,S4,Chicago,Englewood,under_resourced,1,semi,T1,False,"The affected neighborhood is Englewood, Chicago.",-5.916666666666667,-5.625,0.29166666666666696
name,S4,Chicago,Englewood,under_resourced,1,semi,T1,True,"The affected neighborhood is Englewood, Chicago.",-5.583333333333333,-3.5625,2.020833333333333
name,S4,Chicago,Englewood,under_resourced,1,semi,T2,False,The area in question is Englewood in Chicago.,-5.833333333333333,-5.666666666666667,0.16666666666666607
name,S4,Chicago,Englewood,under_resourced,1,semi,T2,True,The area in question is Englewood in Chicago.,-5.375,-3.6458333333333335,1.7291666666666665
name,S4,Chicago,Austin,under_resourced,1,opaque,T1,False,"The affected neighborhood is Austin, Chicago.",-6.083333333333333,-6.208333333333333,-0.125
name,S4,Chicago,Austin,under_resourced,1,opaque,T1,True,"The affected neighborhood is Austin, Chicago.",-5.333333333333333,-3.5625,1.770833333333333
name,S4,Chicago,Austin,under_resourced,1,opaque,T2,False,The area in question is Austin in Chicago.,-6.125,-6.25,-0.125
name,S4,Chicago,Austin,under_resourced,1,opaque,T2,True,The area in question is Austin in Chicago.,-4.9375,-3.6875,1.25
name,S4,Chicago,Harvey,under_resourced,1,opaque,T1,False,"The affected neighborhood is Harvey, Chicago.",-6.083333333333333,-6.416666666666667,-0.3333333333333339
name,S4,Chicago,Harvey,under_resourced,1,opaque,T1,True,"The affected neighborhood is Harvey, Chicago.",-4.270833333333333,-4.041666666666667,0.22916666666666607
name,S4,Chicago,Harvey,under_resourced,1,opaque,T2,False,The area in question is Harvey in Chicago.,-6.0,-6.166666666666667,-0.16666666666666696
name,S4,Chicago,Harvey,under_resourced,1,opaque,T2,True,The area in question is Harvey in Chicago.,-4.520833333333333,-3.8958333333333335,0.6249999999999996
name,S4,Los Angeles,Brentwood,affluent,1,semi,T1,False,"The affected neighborhood is Brentwood, Los Angeles.",-6.083333333333333,-6.25,-0.16666666666666696
name,S4,Los Angeles,Brentwood,affluent,1,semi,T1,True,"The affected neighborhood is Brentwood, Los Angeles.",-4.75,-3.6458333333333335,1.1041666666666665
name,S4,Los Angeles,Brentwood,affluent,1,semi,T2,False,The area in question is Brentwood in Los Angeles.,-6.041666666666667,-6.375,-0.33333333333333304
name,S4,Los Angeles,Brentwood,affluent,1,semi,T2,True,The area in question is Brentwood in Los Angeles.,-4.666666666666667,-3.7291666666666665,0.9375000000000004
name,S4,Los Angeles,Beverly Grove,affluent,2,transparent,T1,False,"The affected neighborhood is Beverly Grove, Los Angeles.",-6.0,-6.208333333333333,-0.20833333333333304
name,S4,Los Angeles,Beverly Grove,affluent,2,transparent,T1,True,"The affected neighborhood is Beverly Grove, Los Angeles.",-5.020833333333333,-3.6041666666666665,1.4166666666666665
name,S4,Los Angeles,Beverly Grove,affluent,2,transparent,T2,False,The area in question is Beverly Grove in Los Angeles.,-6.083333333333333,-6.208333333333333,-0.125
name,S4,Los Angeles,Beverly Grove,affluent,2,transparent,T2,True,The area in question is Beverly Grove in Los Angeles.,-4.791666666666667,-3.6875,1.104166666666667
name,S4,Los Angeles,Pasadena,affluent,1,opaque,T1,False,"The affected neighborhood is Pasadena, Los Angeles.",-6.041666666666667,-6.083333333333333,-0.041666666666666075
name,S4,Los Angeles,Pasadena,affluent,1,opaque,T1,True,"The affected neighborhood is Pasadena, Los Angeles.",-5.291666666666667,-3.5208333333333335,1.7708333333333335
name,S4,Los Angeles,Pasadena,affluent,1,opaque,T2,False,The area in question is Pasadena in Los Angeles.,-6.083333333333333,-6.125,-0.04166666666666696
name,S4,Los Angeles,Pasadena,affluent,1,opaque,T2,True,The area in question is Pasadena in Los Angeles.,-4.958333333333333,-3.6666666666666665,1.2916666666666665
name,S4,Los Angeles,Watts,under_resourced,1,opaque,T1,False,"The affected neighborhood is Watts, Los Angeles.",-6.0,-5.1875,0.8125
name,S4,Los Angeles,Watts,under_resourced,1,opaque,T1,True,"The affected neighborhood is Watts, Los Angeles.",-6.208333333333333,-3.6875,2.520833333333333
name,S4,Los Angeles,Watts,under_resourced,1,opaque,T2,False,The area in question is Watts in Los Angeles.,-5.916666666666667,-5.25,0.666666666666667
name,S4,Los Angeles,Watts,under_resourced,1,opaque,T2,True,The area in question is Watts in Los Angeles.,-5.833333333333333,-3.6875,2.145833333333333
name,S4,Los Angeles,Compton,under_resourced,1,opaque,T1,False,"The affected neighborhood is Compton, Los Angeles.",-5.791666666666667,-5.875,-0.08333333333333304
name,S4,Los Angeles,Compton,under_resourced,1,opaque,T1,True,"The affected neighborhood is Compton, Los Angeles.",-4.583333333333333,-3.8958333333333335,0.6874999999999996
name,S4,Los Angeles,Compton,under_resourced,1,opaque,T2,False,The area in question is Compton in Los Angeles.,-5.75,-5.958333333333333,-0.20833333333333304
name,S4,Los Angeles,Compton,under_resourced,1,opaque,T2,True,The area in question is Compton in Los Angeles.,-4.291666666666667,-4.270833333333333,0.020833333333333925
name,S4,Los Angeles,Inglewood,under_resourced,1,semi,T1,False,"The affected neighborhood is Inglewood, Los Angeles.",-6.041666666666667,-5.875,0.16666666666666696
name,S4,Los Angeles,Inglewood,under_resourced,1,semi,T1,True,"The affected neighborhood is Inglewood, Los Angeles.",-5.333333333333333,-3.5416666666666665,1.7916666666666665
name,S4,Los Angeles,Inglewood,under_resourced,1,semi,T2,False,The area in question is Inglewood in Los Angeles.,-6.083333333333333,-6.0,0.08333333333333304
name,S4,Los Angeles,Inglewood,under_resourced,1,semi,T2,True,The area in question is Inglewood in Los Angeles.,-4.708333333333333,-3.7291666666666665,0.9791666666666665
name,S5,Boston,Back Bay,affluent,2,transparent,T1,False,"The affected neighborhood is Back Bay, Boston.",-6.333333333333333,-5.416666666666667,0.9166666666666661
name,S5,Boston,Back Bay,affluent,2,transparent,T1,True,"The affected neighborhood is Back Bay, Boston.",-7.458333333333333,-3.6458333333333335,3.8124999999999996
name,S5,Boston,Back Bay,affluent,2,transparent,T2,False,The area in question is Back Bay in Boston.,-6.291666666666667,-5.416666666666667,0.875
name,S5,Boston,Back Bay,affluent,2,transparent,T2,True,The area in question is Back Bay in Boston.,-7.541666666666667,-3.6875,3.854166666666667
name,S5,Boston,Beacon Hill,affluent,2,transparent,T1,False,"The affected neighborhood is Beacon Hill, Boston.",-6.333333333333333,-5.104166666666667,1.229166666666666
name,S5,Boston,Beacon Hill,affluent,2,transparent,T1,True,"The affected neighborhood is Beacon Hill, Boston.",-8.041666666666666,-3.75,4.291666666666666
name,S5,Boston,Beacon Hill,affluent,2,transparent,T2,False,The area in question is Beacon Hill in Boston.,-6.375,-5.0625,1.3125
name,S5,Boston,Beacon Hill,affluent,2,transparent,T2,True,The area in question is Beacon Hill in Boston.,-8.0,-3.75,4.25
name,S5,Boston,Brookline,affluent,1,semi,T1,False,"The affected neighborhood is Brookline, Boston.",-6.375,-4.875,1.5
name,S5,Boston,Brookline,affluent,1,semi,T1,True,"The affected neighborhood is Brookline, Boston.",-8.375,-3.7916666666666665,4.583333333333334
name,S5,Boston,Brookline,affluent,1,semi,T2,False,The area in question is Brookline in Boston.,-6.375,-4.895833333333333,1.479166666666667
name,S5,Boston,Brookline,affluent,1,semi,T2,True,The area in question is Brookline in Boston.,-8.291666666666666,-3.7708333333333335,4.520833333333332
name,S5,Boston,Roxbury,under_resourced,1,opaque,T1,False,"The affected neighborhood is Roxbury, Boston.",-6.375,-4.6875,1.6875
name,S5,Boston,Roxbury,under_resourced,1,opaque,T1,True,"The affected neighborhood is Roxbury, Boston.",-8.416666666666666,-3.7708333333333335,4.645833333333332
name,S5,Boston,Roxbury,under_resourced,1,opaque,T2,False,The area in question is Roxbury in Boston.,-6.416666666666667,-4.770833333333333,1.645833333333334
name,S5,Boston,Roxbury,under_resourced,1,opaque,T2,True,The area in question is Roxbury in Boston.,-8.333333333333334,-3.7916666666666665,4.541666666666668
name,S5,Boston,Dorchester,under_resourced,1,opaque,T1,False,"The affected neighborhood is Dorchester, Boston.",-6.333333333333333,-4.916666666666667,1.416666666666666
name,S5,Boston,Dorchester,under_resourced,1,opaque,T1,True,"The affected neighborhood is Dorchester, Boston.",-8.083333333333334,-3.75,4.333333333333334
name,S5,Boston,Dorchester,under_resourced,1,opaque,T2,False,The area in question is Dorchester in Boston.,-6.291666666666667,-4.854166666666667,1.4375
name,S5,Boston,Dorchester,under_resourced,1,opaque,T2,True,The area in question is Dorchester in Boston.,-8.25,-3.75,4.5
name,S5,Boston,Chelsea,under_resourced,1,opaque,T1,False,"The affected neighborhood is Chelsea, Boston.",-6.416666666666667,-5.3125,1.104166666666667
name,S5,Boston,Chelsea,under_resourced,1,opaque,T1,True,"The affected neighborhood is Chelsea, Boston.",-7.75,-3.6875,4.0625
name,S5,Boston,Chelsea,under_resourced,1,opaque,T2,False,The area in question is Chelsea in Boston.,-6.375,-5.270833333333333,1.104166666666667
name,S5,Boston,Chelsea,under_resourced,1,opaque,T2,True,The area in question is Chelsea in Boston.,-7.791666666666667,-3.6875,4.104166666666667
name,S5,Chicago,Lincoln Park,affluent,2,transparent,T1,False,"The affected neighborhood is Lincoln Park, Chicago.",-6.208333333333333,-5.270833333333333,0.9375
name,S5,Chicago,Lincoln Park,affluent,2,transparent,T1,True,"The affected neighborhood is Lincoln Park, Chicago.",-7.875,-3.7291666666666665,4.145833333333334
name,S5,Chicago,Lincoln Park,affluent,2,transparent,T2,False,The area in question is Lincoln Park in Chicago.,-6.208333333333333,-5.229166666666667,0.9791666666666661
name,S5,Chicago,Lincoln Park,affluent,2,transparent,T2,True,The area in question is Lincoln Park in Chicago.,-7.791666666666667,-3.75,4.041666666666667
name,S5,Chicago,Lakeview,affluent,1,transparent,T1,False,"The affected neighborhood is Lakeview, Chicago.",-6.25,-5.291666666666667,0.958333333333333
name,S5,Chicago,Lakeview,affluent,1,transparent,T1,True,"The affected neighborhood is Lakeview, Chicago.",-7.916666666666667,-3.75,4.166666666666667
name,S5,Chicago,Lakeview,affluent,1,transparent,T2,False,The area in question is Lakeview in Chicago.,-6.291666666666667,-5.25,1.041666666666667
name,S5,Chicago,Lakeview,affluent,1,transparent,T2,True,The area in question is Lakeview in Chicago.,-7.75,-3.75,4.0
name,S5,Chicago,Winnetka,affluent,1,opaque,T1,False,"The affected neighborhood is Winnetka, Chicago.",-6.208333333333333,-5.166666666666667,1.041666666666666
name,S5,Chicago,Winnetka,affluent,1,opaque,T1,True,"The affected neighborhood is Winnetka, Chicago.",-7.916666666666667,-3.7083333333333335,4.208333333333334
name,S5,Chicago,Winnetka,affluent,1,opaque,T2,False,The area in question is Winnetka in Chicago.,-6.25,-5.270833333333333,0.979166666666667
name,S5,Chicago,Winnetka,affluent,1,opaque,T2,True,The area in question is Winnetka in Chicago.,-7.75,-3.7291666666666665,4.020833333333334
name,S5,Chicago,Englewood,under_resourced,1,semi,T1,False,"The affected neighborhood is Englewood, Chicago.",-6.291666666666667,-4.854166666666667,1.4375
name,S5,Chicago,Englewood,under_resourced,1,semi,T1,True,"The affected neighborhood is Englewood, Chicago.",-7.958333333333333,-3.7708333333333335,4.1875
name,S5,Chicago,Englewood,under_resourced,1,semi,T2,False,The area in question is Englewood in Chicago.,-6.333333333333333,-4.854166666666667,1.479166666666666
name,S5,Chicago,Englewood,under_resourced,1,semi,T2,True,The area in question is Englewood in Chicago.,-8.0,-3.7916666666666665,4.208333333333334
name,S5,Chicago,Austin,under_resourced,1,opaque,T1,False,"The affected neighborhood is Austin, Chicago.",-6.333333333333333,-5.145833333333333,1.1875
name,S5,Chicago,Austin,under_resourced,1,opaque,T1,True,"The affected neighborhood is Austin, Chicago.",-8.041666666666666,-3.75,4.291666666666666
name,S5,Chicago,Austin,under_resourced,1,opaque,T2,False,The area in question is Austin in Chicago.,-6.333333333333333,-5.291666666666667,1.041666666666666
name,S5,Chicago,Austin,under_resourced,1,opaque,T2,True,The area in question is Austin in Chicago.,-7.958333333333333,-3.75,4.208333333333333
name,S5,Chicago,Harvey,under_resourced,1,opaque,T1,False,"The affected neighborhood is Harvey, Chicago.",-6.208333333333333,-5.375,0.833333333333333
name,S5,Chicago,Harvey,under_resourced,1,opaque,T1,True,"The affected neighborhood is Harvey, Chicago.",-7.666666666666667,-3.7083333333333335,3.9583333333333335
name,S5,Chicago,Harvey,under_resourced,1,opaque,T2,False,The area in question is Harvey in Chicago.,-6.25,-5.270833333333333,0.979166666666667
name,S5,Chicago,Harvey,under_resourced,1,opaque,T2,True,The area in question is Harvey in Chicago.,-7.583333333333333,-3.6875,3.895833333333333
name,S5,Los Angeles,Brentwood,affluent,1,semi,T1,False,"The affected neighborhood is Brentwood, Los Angeles.",-6.333333333333333,-5.229166666666667,1.104166666666666
name,S5,Los Angeles,Brentwood,affluent,1,semi,T1,True,"The affected neighborhood is Brentwood, Los Angeles.",-7.833333333333333,-3.6875,4.145833333333333
name,S5,Los Angeles,Brentwood,affluent,1,semi,T2,False,The area in question is Brentwood in Los Angeles.,-6.375,-5.25,1.125
name,S5,Los Angeles,Brentwood,affluent,1,semi,T2,True,The area in question is Brentwood in Los Angeles.,-7.75,-3.6875,4.0625
name,S5,Los Angeles,Beverly Grove,affluent,2,transparent,T1,False,"The affected neighborhood is Beverly Grove, Los Angeles.",-6.375,-5.25,1.125
name,S5,Los Angeles,Beverly Grove,affluent,2,transparent,T1,True,"The affected neighborhood is Beverly Grove, Los Angeles.",-7.708333333333333,-3.7083333333333335,3.9999999999999996
name,S5,Los Angeles,Beverly Grove,affluent,2,transparent,T2,False,The area in question is Beverly Grove in Los Angeles.,-6.291666666666667,-5.1875,1.104166666666667
name,S5,Los Angeles,Beverly Grove,affluent,2,transparent,T2,True,The area in question is Beverly Grove in Los Angeles.,-7.625,-3.7083333333333335,3.9166666666666665
name,S5,Los Angeles,Pasadena,affluent,1,opaque,T1,False,"The affected neighborhood is Pasadena, Los Angeles.",-6.333333333333333,-4.958333333333333,1.375
name,S5,Los Angeles,Pasadena,affluent,1,opaque,T1,True,"The affected neighborhood is Pasadena, Los Angeles.",-8.0,-3.7083333333333335,4.291666666666666
name,S5,Los Angeles,Pasadena,affluent,1,opaque,T2,False,The area in question is Pasadena in Los Angeles.,-6.375,-5.104166666666667,1.270833333333333
name,S5,Los Angeles,Pasadena,affluent,1,opaque,T2,True,The area in question is Pasadena in Los Angeles.,-7.916666666666667,-3.7083333333333335,4.208333333333334
name,S5,Los Angeles,Watts,under_resourced,1,opaque,T1,False,"The affected neighborhood is Watts, Los Angeles.",-6.5,-4.458333333333333,2.041666666666667
name,S5,Los Angeles,Watts,under_resourced,1,opaque,T1,True,"The affected neighborhood is Watts, Los Angeles.",-8.333333333333334,-3.8541666666666665,4.479166666666668
name,S5,Los Angeles,Watts,under_resourced,1,opaque,T2,False,The area in question is Watts in Los Angeles.,-6.375,-4.541666666666667,1.833333333333333
name,S5,Los Angeles,Watts,under_resourced,1,opaque,T2,True,The area in question is Watts in Los Angeles.,-8.083333333333334,-3.8333333333333335,4.25
name,S5,Los Angeles,Compton,under_resourced,1,opaque,T1,False,"The affected neighborhood is Compton, Los Angeles.",-6.208333333333333,-4.958333333333333,1.25
name,S5,Los Angeles,Compton,under_resourced,1,opaque,T1,True,"The affected neighborhood is Compton, Los Angeles.",-7.583333333333333,-3.7083333333333335,3.8749999999999996
name,S5,Los Angeles,Compton,under_resourced,1,opaque,T2,False,The area in question is Compton in Los Angeles.,-6.208333333333333,-5.020833333333333,1.1875
name,S5,Los Angeles,Compton,under_resourced,1,opaque,T2,True,The area in question is Compton in Los Angeles.,-7.291666666666667,-3.7291666666666665,3.5625000000000004
name,S5,Los Angeles,Inglewood,under_resourced,1,semi,T1,False,"The affected neighborhood is Inglewood, Los Angeles.",-6.416666666666667,-5.020833333333333,1.395833333333334
name,S5,Los Angeles,Inglewood,under_resourced,1,semi,T1,True,"The affected neighborhood is Inglewood, Los Angeles.",-7.958333333333333,-3.7291666666666665,4.229166666666666
name,S5,Los Angeles,Inglewood,under_resourced,1,semi,T2,False,The area in question is Inglewood in Los Angeles.,-6.458333333333333,-5.020833333333333,1.4375
name,S5,Los Angeles,Inglewood,under_resourced,1,semi,T2,True,The area in question is Inglewood in Los Angeles.,-7.625,-3.6666666666666665,3.9583333333333335
name,S6,Boston,Back Bay,affluent,2,transparent,T1,False,"The affected neighborhood is Back Bay, Boston.",-6.541666666666667,-4.520833333333333,2.020833333333334
name,S6,Boston,Back Bay,affluent,2,transparent,T1,True,"The affected neighborhood is Back Bay, Boston.",-8.041666666666666,-3.75,4.291666666666666
name,S6,Boston,Back Bay,affluent,2,transparent,T2,False,The area in question is Back Bay in Boston.,-6.541666666666667,-4.479166666666667,2.0625
name,S6,Boston,Back Bay,affluent,2,transparent,T2,True,The area in question is Back Bay in Boston.,-8.083333333333334,-3.7916666666666665,4.291666666666668
name,S6,Boston,Beacon Hill,affluent,2,transparent,T1,False,"The affected neighborhood is Beacon Hill, Boston.",-6.708333333333333,-4.208333333333333,2.5
name,S6,Boston,Beacon Hill,affluent,2,transparent,T1,True,"The affected neighborhood is Beacon Hill, Boston.",-8.416666666666666,-3.8333333333333335,4.583333333333332
name,S6,Boston,Beacon Hill,affluent,2,transparent,T2,False,The area in question is Beacon Hill in Boston.,-6.666666666666667,-4.0,2.666666666666667
name,S6,Boston,Beacon Hill,affluent,2,transparent,T2,True,The area in question is Beacon Hill in Boston.,-8.625,-3.8541666666666665,4.770833333333334
name,S6,Boston,Brookline,affluent,1,semi,T1,False,"The affected neighborhood is Brookline, Boston.",-6.958333333333333,-3.875,3.083333333333333
name,S6,Boston,Brookline,affluent,1,semi,T1,True,"The affected neighborhood is Brookline, Boston.",-8.916666666666666,-3.9375,4.979166666666666
name,S6,Boston,Brookline,affluent,1,semi,T2,False,The area in question is Brookline in Boston.,-6.916666666666667,-3.8541666666666665,3.0625000000000004
name,S6,Boston,Brookline,affluent,1,semi,T2,True,The area in question is Brookline in Boston.,-8.916666666666666,-3.9166666666666665,5.0
name,S6,Boston,Roxbury,under_resourced,1,opaque,T1,False,"The affected neighborhood is Roxbury, Boston.",-6.833333333333333,-3.8333333333333335,2.9999999999999996
name,S6,Boston,Roxbury,under_resourced,1,opaque,T1,True,"The affected neighborhood is Roxbury, Boston.",-8.75,-3.875,4.875
name,S6,Boston,Roxbury,under_resourced,1,opaque,T2,False,The area in question is Roxbury in Boston.,-6.958333333333333,-3.75,3.208333333333333
name,S6,Boston,Roxbury,under_resourced,1,opaque,T2,True,The area in question is Roxbury in Boston.,-8.875,-3.9375,4.9375
name,S6,Boston,Dorchester,under_resourced,1,opaque,T1,False,"The affected neighborhood is Dorchester, Boston.",-6.75,-3.9166666666666665,2.8333333333333335
name,S6,Boston,Dorchester,under_resourced,1,opaque,T1,True,"The affected neighborhood is Dorchester, Boston.",-8.541666666666666,-3.875,4.666666666666666
name,S6,Boston,Dorchester,under_resourced,1,opaque,T2,False,The area in question is Dorchester in Boston.,-6.75,-3.8333333333333335,2.9166666666666665
name,S6,Boston,Dorchester,under_resourced,1,opaque,T2,True,The area in question is Dorchester in Boston.,-8.791666666666666,-3.9375,4.854166666666666
name,S6,Boston,Chelsea,under_resourced,1,opaque,T1,False,"The affected neighborhood is Chelsea, Boston.",-6.625,-4.479166666666667,2.145833333333333
name,S6,Boston,Chelsea,under_resourced,1,opaque,T1,True,"The affected neighborhood is Chelsea, Boston.",-8.333333333333334,-3.8333333333333335,4.5
name,S6,Boston,Chelsea,under_resourced,1,opaque,T2,False,The area in question is Chelsea in Boston.,-6.625,-4.1875,2.4375
name,S6,Boston,Chelsea,under_resourced,1,opaque,T2,True,The area in question is Chelsea in Boston.,-8.416666666666666,-3.8333333333333335,4.583333333333332
name,S6,Chicago,Lincoln Park,affluent,2,transparent,T1,False,"The affected neighborhood is Lincoln Park, Chicago.",-6.458333333333333,-4.4375,2.020833333333333
name,S6,Chicago,Lincoln Park,affluent,2,transparent,T1,True,"The affected neighborhood is Lincoln Park, Chicago.",-8.208333333333334,-3.8333333333333335,4.375
name,S6,Chicago,Lincoln Park,affluent,2,transparent,T2,False,The area in question is Lincoln Park in Chicago.,-6.416666666666667,-4.375,2.041666666666667
name,S6,Chicago,Lincoln Park,affluent,2,transparent,T2,True,The area in question is Lincoln Park in Chicago.,-8.333333333333334,-3.875,4.458333333333334
name,S6,Chicago,Lakeview,affluent,1,transparent,T1,False,"The affected neighborhood is Lakeview, Chicago.",-6.541666666666667,-4.416666666666667,2.125
name,S6,Chicago,Lakeview,affluent,1,transparent,T1,True,"The affected neighborhood is Lakeview, Chicago.",-8.291666666666666,-3.8333333333333335,4.458333333333332
name,S6,Chicago,Lakeview,affluent,1,transparent,T2,False,The area in question is Lakeview in Chicago.,-6.583333333333333,-4.208333333333333,2.375
name,S6,Chicago,Lakeview,affluent,1,transparent,T2,True,The area in question is Lakeview in Chicago.,-8.458333333333334,-3.8958333333333335,4.5625
name,S6,Chicago,Winnetka,affluent,1,opaque,T1,False,"The affected neighborhood is Winnetka, Chicago.",-6.541666666666667,-4.1875,2.354166666666667
name,S6,Chicago,Winnetka,affluent,1,opaque,T1,True,"The affected neighborhood is Winnetka, Chicago.",-8.5,-3.8541666666666665,4.645833333333334
name,S6,Chicago,Winnetka,affluent,1,opaque,T2,False,The area in question is Winnetka in Chicago.,-6.625,-4.0625,2.5625
name,S6,Chicago,Winnetka,affluent,1,opaque,T2,True,The area in question is Winnetka in Chicago.,-8.625,-3.8958333333333335,4.729166666666666
name,S6,Chicago,Englewood,under_resourced,1,semi,T1,False,"The affected neighborhood is Englewood, Chicago.",-6.583333333333333,-3.9166666666666665,2.6666666666666665
name,S6,Chicago,Englewood,under_resourced,1,semi,T1,True,"The affected neighborhood is Englewood, Chicago.",-8.375,-3.8958333333333335,4.479166666666666
name,S6,Chicago,Englewood,under_resourced,1,semi,T2,False,The area in question is Englewood in Chicago.,-6.666666666666667,-3.8333333333333335,2.8333333333333335
name,S6,Chicago,Englewood,under_resourced,1,semi,T2,True,The area in question is Englewood in Chicago.,-8.541666666666666,-3.8958333333333335,4.645833333333332
name,S6,Chicago,Austin,under_resourced,1,opaque,T1,False,"The affected neighborhood is Austin, Chicago.",-6.708333333333333,-4.166666666666667,2.541666666666666
name,S6,Chicago,Austin,under_resourced,1,opaque,T1,True,"The affected neighborhood is Austin, Chicago.",-8.666666666666666,-3.9166666666666665,4.75
name,S6,Chicago,Austin,under_resourced,1,opaque,T2,False,The area in question is Austin in Chicago.,-6.666666666666667,-4.1875,2.479166666666667
name,S6,Chicago,Austin,under_resourced,1,opaque,T2,True,The area in question is Austin in Chicago.,-8.583333333333334,-3.875,4.708333333333334
name,S6,Chicago,Harvey,under_resourced,1,opaque,T1,False,"The affected neighborhood is Harvey, Chicago.",-6.5,-4.5,2.0
name,S6,Chicago,Harvey,under_resourced,1,opaque,T1,True,"The affected neighborhood is Harvey, Chicago.",-8.166666666666666,-3.8125,4.354166666666666
name,S6,Chicago,Harvey,under_resourced,1,opaque,T2,False,The area in question is Harvey in Chicago.,-6.5,-4.1875,2.3125
name,S6,Chicago,Harvey,under_resourced,1,opaque,T2,True,The area in question is Harvey in Chicago.,-8.333333333333334,-3.8333333333333335,4.5
name,S6,Los Angeles,Brentwood,affluent,1,semi,T1,False,"The affected neighborhood is Brentwood, Los Angeles.",-6.541666666666667,-4.375,2.166666666666667
name,S6,Los Angeles,Brentwood,affluent,1,semi,T1,True,"The affected neighborhood is Brentwood, Los Angeles.",-8.458333333333334,-3.8333333333333335,4.625
name,S6,Los Angeles,Brentwood,affluent,1,semi,T2,False,The area in question is Brentwood in Los Angeles.,-6.583333333333333,-4.291666666666667,2.291666666666666
name,S6,Los Angeles,Brentwood,affluent,1,semi,T2,True,The area in question is Brentwood in Los Angeles.,-8.5,-3.8541666666666665,4.645833333333334
name,S6,Los Angeles,Beverly Grove,affluent,2,transparent,T1,False,"The affected neighborhood is Beverly Grove, Los Angeles.",-6.583333333333333,-4.479166666666667,2.104166666666666
name,S6,Los Angeles,Beverly Grove,affluent,2,transparent,T1,True,"The affected neighborhood is Beverly Grove, Los Angeles.",-8.208333333333334,-3.8125,4.395833333333334
name,S6,Los Angeles,Beverly Grove,affluent,2,transparent,T2,False,The area in question is Beverly Grove in Los Angeles.,-6.625,-4.3125,2.3125
name,S6,Los Angeles,Beverly Grove,affluent,2,transparent,T2,True,The area in question is Beverly Grove in Los Angeles.,-8.333333333333334,-3.8541666666666665,4.479166666666668
name,S6,Los Angeles,Pasadena,affluent,1,opaque,T1,False,"The affected neighborhood is Pasadena, Los Angeles.",-6.75,-3.9583333333333335,2.7916666666666665
name,S6,Los Angeles,Pasadena,affluent,1,opaque,T1,True,"The affected neighborhood is Pasadena, Los Angeles.",-8.75,-3.875,4.875
name,S6,Los Angeles,Pasadena,affluent,1,opaque,T2,False,The area in question is Pasadena in Los Angeles.,-6.666666666666667,-4.020833333333333,2.645833333333334
name,S6,Los Angeles,Pasadena,affluent,1,opaque,T2,True,The area in question is Pasadena in Los Angeles.,-8.75,-3.875,4.875
name,S6,Los Angeles,Watts,under_resourced,1,opaque,T1,False,"The affected neighborhood is Watts, Los Angeles.",-7.041666666666667,-3.8125,3.229166666666667
name,S6,Los Angeles,Watts,under_resourced,1,opaque,T1,True,"The affected neighborhood is Watts, Los Angeles.",-8.75,-3.9583333333333335,4.791666666666666
name,S6,Los Angeles,Watts,under_resourced,1,opaque,T2,False,The area in question is Watts in Los Angeles.,-6.958333333333333,-3.8541666666666665,3.1041666666666665
name,S6,Los Angeles,Watts,under_resourced,1,opaque,T2,True,The area in question is Watts in Los Angeles.,-8.791666666666666,-4.0,4.791666666666666
name,S6,Los Angeles,Compton,under_resourced,1,opaque,T1,False,"The affected neighborhood is Compton, Los Angeles.",-6.541666666666667,-4.041666666666667,2.5
name,S6,Los Angeles,Compton,under_resourced,1,opaque,T1,True,"The affected neighborhood is Compton, Los Angeles.",-8.125,-3.8958333333333335,4.229166666666666
name,S6,Los Angeles,Compton,under_resourced,1,opaque,T2,False,The area in question is Compton in Los Angeles.,-6.5,-4.0625,2.4375
name,S6,Los Angeles,Compton,under_resourced,1,opaque,T2,True,The area in question is Compton in Los Angeles.,-8.041666666666666,-3.875,4.166666666666666
name,S6,Los Angeles,Inglewood,under_resourced,1,semi,T1,False,"The affected neighborhood is Inglewood, Los Angeles.",-6.75,-4.020833333333333,2.729166666666667
name,S6,Los Angeles,Inglewood,under_resourced,1,semi,T1,True,"The affected neighborhood is Inglewood, Los Angeles.",-8.583333333333334,-3.7916666666666665,4.791666666666668
name,S6,Los Angeles,Inglewood,under_resourced,1,semi,T2,False,The area in question is Inglewood in Los Angeles.,-6.708333333333333,-4.020833333333333,2.6875
name,S6,Los Angeles,Inglewood,under_resourced,1,semi,T2,True,The area in question is Inglewood in Los Angeles.,-8.625,-3.8125,4.8125
name,S7,Boston,Back Bay,affluent,2,transparent,T1,False,"The affected neighborhood is Back Bay, Boston.",-5.375,-6.458333333333333,-1.083333333333333
name,S7,Boston,Back Bay,affluent,2,transparent,T1,True,"The affected neighborhood is Back Bay, Boston.",-5.145833333333333,-3.4375,1.708333333333333
name,S7,Boston,Back Bay,affluent,2,transparent,T2,False,The area in question is Back Bay in Boston.,-5.375,-6.541666666666667,-1.166666666666667
name,S7,Boston,Back Bay,affluent,2,transparent,T2,True,The area in question is Back Bay in Boston.,-4.770833333333333,-3.5208333333333335,1.2499999999999996
name,S7,Boston,Beacon Hill,affluent,2,transparent,T1,False,"The affected neighborhood is Beacon Hill, Boston.",-5.375,-6.125,-0.75
name,S7,Boston,Beacon Hill,affluent,2,transparent,T1,True,"The affected neighborhood is Beacon Hill, Boston.",-6.125,-3.5625,2.5625
name,S7,Boston,Beacon Hill,affluent,2,transparent,T2,False,The area in question is Beacon Hill in Boston.,-5.416666666666667,-6.166666666666667,-0.75
name,S7,Boston,Beacon Hill,affluent,2,transparent,T2,True,The area in question is Beacon Hill in Boston.,-5.916666666666667,-3.5,2.416666666666667
name,S7,Boston,Brookline,affluent,1,semi,T1,False,"The affected neighborhood is Brookline, Boston.",-5.333333333333333,-6.0,-0.666666666666667
name,S7,Boston,Brookline,affluent,1,semi,T1,True,"The affected neighborhood is Brookline, Boston.",-6.416666666666667,-3.5833333333333335,2.8333333333333335
name,S7,Boston,Brookline,affluent,1,semi,T2,False,The area in question is Brookline in Boston.,-5.416666666666667,-6.0,-0.583333333333333
name,S7,Boston,Brookline,affluent,1,semi,T2,True,The area in question is Brookline in Boston.,-6.208333333333333,-3.5625,2.645833333333333
name,S7,Boston,Roxbury,under_resourced,1,opaque,T1,False,"The affected neighborhood is Roxbury, Boston.",-5.375,-5.75,-0.375
name,S7,Boston,Roxbury,under_resourced,1,opaque,T1,True,"The affected neighborhood is Roxbury, Boston.",-6.666666666666667,-3.6458333333333335,3.0208333333333335
name,S7,Boston,Roxbury,under_resourced,1,opaque,T2,False,The area in question is Roxbury in Boston.,-5.416666666666667,-5.708333333333333,-0.2916666666666661
name,S7,Boston,Roxbury,under_resourced,1,opaque,T2,True,The area in question is Roxbury in Boston.,-6.583333333333333,-3.6041666666666665,2.9791666666666665
name,S7,Boston,Dorchester,under_resourced,1,opaque,T1,False,"The affected neighborhood is Dorchester, Boston.",-5.416666666666667,-5.916666666666667,-0.5
name,S7,Boston,Dorchester,under_resourced,1,opaque,T1,True,"The affected neighborhood is Dorchester, Boston.",-6.125,-3.5625,2.5625
name,S7,Boston,Dorchester,under_resourced,1,opaque,T2,False,The area in question is Dorchester in Boston.,-5.416666666666667,-6.0,-0.583333333333333
name,S7,Boston,Dorchester,under_resourced,1,opaque,T2,True,The area in question is Dorchester in Boston.,-6.375,-3.6041666666666665,2.7708333333333335
name,S7,Boston,Chelsea,under_resourced,1,opaque,T1,False,"The affected neighborhood is Chelsea, Boston.",-5.5,-6.375,-0.875
name,S7,Boston,Chelsea,under_resourced,1,opaque,T1,True,"The affected neighborhood is Chelsea, Boston.",-5.625,-3.5,2.125
name,S7,Boston,Chelsea,under_resourced,1,opaque,T2,False,The area in question is Chelsea in Boston.,-5.375,-6.375,-1.0
name,S7,Boston,Chelsea,under_resourced,1,opaque,T2,True,The area in question is Chelsea in Boston.,-5.416666666666667,-3.4791666666666665,1.9375000000000004
name,S7,Chicago,Lincoln Park,affluent,2,transparent,T1,False,"The affected neighborhood is Lincoln Park, Chicago.",-5.3125,-6.291666666666667,-0.979166666666667
name,S7,Chicago,Lincoln Park,affluent,2,transparent,T1,True,"The affected neighborhood is Lincoln Park, Chicago.",-5.958333333333333,-3.5416666666666665,2.4166666666666665
name,S7,Chicago,Lincoln Park,affluent,2,transparent,T2,False,The area in question is Lincoln Park in Chicago.,-5.291666666666667,-6.208333333333333,-0.9166666666666661
name,S7,Chicago,Lincoln Park,affluent,2,transparent,T2,True,The area in question is Lincoln Park in Chicago.,-5.916666666666667,-3.5416666666666665,2.3750000000000004
name,S7,Chicago,Lakeview,affluent,1,transparent,T1,False,"The affected neighborhood is Lakeview, Chicago.",-5.375,-6.333333333333333,-0.958333333333333
name,S7,Chicago,Lakeview,affluent,1,transparent,T1,True,"The affected neighborhood is Lakeview, Chicago.",-6.083333333333333,-3.5625,2.520833333333333
name,S7,Chicago,Lakeview,affluent,1,transparent,T2,False,The area in question is Lakeview in Chicago.,-5.416666666666667,-6.333333333333333,-0.9166666666666661
name,S7,Chicago,Lakeview,affluent,1,transparent,T2,True,The area in question is Lakeview in Chicago.,-5.708333333333333,-3.5208333333333335,2.1874999999999996
name,S7,Chicago,Winnetka,affluent,1,opaque,T1,False,"The affected neighborhood is Winnetka, Chicago.",-5.291666666666667,-6.208333333333333,-0.9166666666666661
name,S7,Chicago,Winnetka,affluent,1,opaque,T1,True,"The affected neighborhood is Winnetka, Chicago.",-5.833333333333333,-3.5208333333333335,2.3124999999999996
name,S7,Chicago,Winnetka,affluent,1,opaque,T2,False,The area in question is Winnetka in Chicago.,-5.333333333333333,-6.166666666666667,-0.8333333333333339
name,S7,Chicago,Winnetka,affluent,1,opaque,T2,True,The area in question is Winnetka in Chicago.,-5.666666666666667,-3.5,2.166666666666667
name,S7,Chicago,Englewood,under_resourced,1,semi,T1,False,"The affected neighborhood is Englewood, Chicago.",-5.416666666666667,-5.708333333333333,-0.2916666666666661
name,S7,Chicago,Englewood,under_resourced,1,semi,T1,True,"The affected neighborhood is Englewood, Chicago.",-6.625,-3.6666666666666665,2.9583333333333335
name,S7,Chicago,Englewood,under_resourced,1,semi,T2,False,The area in question is Englewood in Chicago.,-5.333333333333333,-5.666666666666667,-0.3333333333333339
name,S7,Chicago,Englewood,under_resourced,1,semi,T2,True,The area in question is Englewood in Chicago.,-6.666666666666667,-3.6666666666666665,3.0000000000000004
name,S7,Chicago,Austin,under_resourced,1,opaque,T1,False,"The affected neighborhood is Austin, Chicago.",-5.416666666666667,-6.125,-0.708333333333333
name,S7,Chicago,Austin,under_resourced,1,opaque,T1,True,"The affected neighborhood is Austin, Chicago.",-6.208333333333333,-3.5416666666666665,2.6666666666666665
name,S7,Chicago,Austin,under_resourced,1,opaque,T2,False,The area in question is Austin in Chicago.,-5.458333333333333,-6.25,-0.791666666666667
name,S7,Chicago,Austin,under_resourced,1,opaque,T2,True,The area in question is Austin in Chicago.,-5.791666666666667,-3.5208333333333335,2.2708333333333335
name,S7,Chicago,Harvey,under_resourced,1,opaque,T1,False,"The affected neighborhood is Harvey, Chicago.",-5.5,-6.166666666666667,-0.666666666666667
name,S7,Chicago,Harvey,under_resourced,1,opaque,T1,True,"The affected neighborhood is Harvey, Chicago.",-5.541666666666667,-3.4583333333333335,2.0833333333333335
name,S7,Chicago,Harvey,under_resourced,1,opaque,T2,False,The area in question is Harvey in Chicago.,-5.375,-6.125,-0.75
name,S7,Chicago,Harvey,under_resourced,1,opaque,T2,True,The area in question is Harvey in Chicago.,-5.666666666666667,-3.4583333333333335,2.2083333333333335
name,S7,Los Angeles,Brentwood,affluent,1,semi,T1,False,"The affected neighborhood is Brentwood, Los Angeles.",-5.375,-6.291666666666667,-0.916666666666667
name,S7,Los Angeles,Brentwood,affluent,1,semi,T1,True,"The affected neighborhood is Brentwood, Los Angeles.",-5.541666666666667,-3.4583333333333335,2.0833333333333335
name,S7,Los Angeles,Brentwood,affluent,1,semi,T2,False,The area in question is Brentwood in Los Angeles.,-5.333333333333333,-6.416666666666667,-1.083333333333334
name,S7,Los Angeles,Brentwood,affluent,1,semi,T2,True,The area in question is Brentwood in Los Angeles.,-5.3125,-3.4583333333333335,1.8541666666666665
name,S7,Los Angeles,Beverly Grove,affluent,2,transparent,T1,False,"The affected neighborhood is Beverly Grove, Los Angeles.",-5.416666666666667,-6.375,-0.958333333333333
name,S7,Los Angeles,Beverly Grove,affluent,2,transparent,T1,True,"The affected neighborhood is Beverly Grove, Los Angeles.",-5.708333333333333,-3.4583333333333335,2.2499999999999996
name,S7,Los Angeles,Beverly Grove,affluent,2,transparent,T2,False,The area in question is Beverly Grove in Los Angeles.,-5.458333333333333,-6.291666666666667,-0.8333333333333339
name,S7,Los Angeles,Beverly Grove,affluent,2,transparent,T2,True,The area in question is Beverly Grove in Los Angeles.,-5.416666666666667,-3.4791666666666665,1.9375000000000004
name,S7,Los Angeles,Pasadena,affluent,1,opaque,T1,False,"The affected neighborhood is Pasadena, Los Angeles.",-5.375,-6.166666666666667,-0.791666666666667
name,S7,Los Angeles,Pasadena,affluent,1,opaque,T1,True,"The affected neighborhood is Pasadena, Los Angeles.",-6.166666666666667,-3.5625,2.604166666666667
name,S7,Los Angeles,Pasadena,affluent,1,opaque,T2,False,The area in question is Pasadena in Los Angeles.,-5.375,-6.291666666666667,-0.916666666666667
name,S7,Los Angeles,Pasadena,affluent,1,opaque,T2,True,The area in question is Pasadena in Los Angeles.,-5.666666666666667,-3.4583333333333335,2.2083333333333335
name,S7,Los Angeles,Watts,under_resourced,1,opaque,T1,False,"The affected neighborhood is Watts, Los Angeles.",-5.375,-5.229166666666667,0.14583333333333304
name,S7,Los Angeles,Watts,under_resourced,1,opaque,T1,True,"The affected neighborhood is Watts, Los Angeles.",-7.083333333333333,-3.75,3.333333333333333
name,S7,Los Angeles,Watts,under_resourced,1,opaque,T2,False,The area in question is Watts in Los Angeles.,-5.333333333333333,-5.333333333333333,0.0
name,S7,Los Angeles,Watts,under_resourced,1,opaque,T2,True,The area in question is Watts in Los Angeles.,-6.791666666666667,-3.7083333333333335,3.0833333333333335
name,S7,Los Angeles,Compton,under_resourced,1,opaque,T1,False,"The affected neighborhood is Compton, Los Angeles.",-5.270833333333333,-5.958333333333333,-0.6875
name,S7,Los Angeles,Compton,under_resourced,1,opaque,T1,True,"The affected neighborhood is Compton, Los Angeles.",-5.666666666666667,-3.5416666666666665,2.1250000000000004
name,S7,Los Angeles,Compton,under_resourced,1,opaque,T2,False,The area in question is Compton in Los Angeles.,-5.291666666666667,-6.0,-0.708333333333333
name,S7,Los Angeles,Compton,under_resourced,1,opaque,T2,True,The area in question is Compton in Los Angeles.,-5.1875,-3.5625,1.625
name,S7,Los Angeles,Inglewood,under_resourced,1,semi,T1,False,"The affected neighborhood is Inglewood, Los Angeles.",-5.375,-6.125,-0.75
name,S7,Los Angeles,Inglewood,under_resourced,1,semi,T1,True,"The affected neighborhood is Inglewood, Los Angeles.",-5.875,-3.5,2.375
name,S7,Los Angeles,Inglewood,under_resourced,1,semi,T2,False,The area in question is Inglewood in Los Angeles.,-5.416666666666667,-6.166666666666667,-0.75
name,S7,Los Angeles,Inglewood,under_resourced,1,semi,T2,True,The area in question is Inglewood in Los Angeles.,-5.5,-3.4583333333333335,2.0416666666666665
name,S8,Boston,Back Bay,affluent,2,transparent,T1,False,"The affected neighborhood is Back Bay, Boston.",-5.541666666666667,-6.666666666666667,-1.125
name,S8,Boston,Back Bay,affluent,2,transparent,T1,True,"The affected neighborhood is Back Bay, Boston.",-3.4791666666666665,-5.291666666666667,-1.8125000000000004
name,S8,Boston,Back Bay,affluent,2,transparent,T2,False,The area in question is Back Bay in Boston.,-5.5,-6.708333333333333,-1.208333333333333
name,S8,Boston,Back Bay,affluent,2,transparent,T2,True,The area in question is Back Bay in Boston.,-3.5208333333333335,-5.166666666666667,-1.6458333333333335
name,S8,Boston,Beacon Hill,affluent,2,transparent,T1,False,"The affected neighborhood is Beacon Hill, Boston.",-5.541666666666667,-6.333333333333333,-0.7916666666666661
name,S8,Boston,Beacon Hill,affluent,2,transparent,T1,True,"The affected neighborhood is Beacon Hill, Boston.",-3.6041666666666665,-4.5,-0.8958333333333335
name,S8,Boston,Beacon Hill,affluent,2,transparent,T2,False,The area in question is Beacon Hill in Boston.,-5.375,-6.166666666666667,-0.791666666666667
name,S8,Boston,Beacon Hill,affluent,2,transparent,T2,True,The area in question is Beacon Hill in Boston.,-3.75,-4.1875,-0.4375
name,S8,Boston,Brookline,affluent,1,semi,T1,False,"The affected neighborhood is Brookline, Boston.",-5.5,-6.125,-0.625
name,S8,Boston,Brookline,affluent,1,semi,T1,True,"The affected neighborhood is Brookline, Boston.",-3.8541666666666665,-4.041666666666667,-0.18750000000000044
name,S8,Boston,Brookline,affluent,1,semi,T2,False,The area in question is Brookline in Boston.,-5.5,-6.166666666666667,-0.666666666666667
name,S8,Boston,Brookline,affluent,1,semi,T2,True,The area in question is Brookline in Boston.,-4.0,-3.9583333333333335,0.04166666666666652
name,S8,Boston,Roxbury,under_resourced,1,opaque,T1,False,"The affected neighborhood is Roxbury, Boston.",-5.541666666666667,-6.041666666666667,-0.5
name,S8,Boston,Roxbury,under_resourced,1,opaque,T1,True,"The affected neighborhood is Roxbury, Boston.",-3.9375,-3.9791666666666665,-0.04166666666666652
name,S8,Boston,Roxbury,under_resourced,1,opaque,T2,False,The area in question is Roxbury in Boston.,-5.5,-6.0,-0.5
name,S8,Boston,Roxbury,under_resourced,1,opaque,T2,True,The area in question is Roxbury in Boston.,-3.9583333333333335,-4.020833333333333,-0.062499999999999556
name,S8,Boston,Dorchester,under_resourced,1,opaque,T1,False,"The affected neighborhood is Dorchester, Boston.",-5.458333333333333,-6.25,-0.791666666666667
name,S8,Boston,Dorchester,under_resourced,1,opaque,T1,True,"The affected neighborhood is Dorchester, Boston.",-3.6875,-4.333333333333333,-0.645833333333333
name,S8,Boston,Dorchester,under_resourced,1,opaque,T2,False,The area in question is Dorchester in Boston.,-5.458333333333333,-6.291666666666667,-0.8333333333333339
name,S8,Boston,Dorchester,under_resourced,1,opaque,T2,True,The area in question is Dorchester in Boston.,-3.7083333333333335,-4.3125,-0.6041666666666665
name,S8,Boston,Chelsea,under_resourced,1,opaque,T1,False,"The affected neighborhood is Chelsea, Boston.",-5.625,-6.583333333333333,-0.958333333333333
name,S8,Boston,Chelsea,under_resourced,1,opaque,T1,True,"The affected neighborhood is Chelsea, Boston.",-3.5833333333333335,-4.979166666666667,-1.3958333333333335
name,S8,Boston,Chelsea,under_resourced,1,opaque,T2,False,The area in question is Chelsea in Boston.,-5.625,-6.583333333333333,-0.958333333333333
name,S8,Boston,Chelsea,under_resourced,1,opaque,T2,True,The area in question is Chelsea in Boston.,-3.5208333333333335,-4.854166666666667,-1.3333333333333335
name,S8,Chicago,Lincoln Park,affluent,2,transparent,T1,False,"The affected neighborhood is Lincoln Park, Chicago.",-5.416666666666667,-6.458333333333333,-1.041666666666666
name,S8,Chicago,Lincoln Park,affluent,2,transparent,T1,True,"The affected neighborhood is Lincoln Park, Chicago.",-3.6041666666666665,-4.8125,-1.2083333333333335
name,S8,Chicago,Lincoln Park,affluent,2,transparent,T2,False,The area in question is Lincoln Park in Chicago.,-5.375,-6.416666666666667,-1.041666666666667
name,S8,Chicago,Lincoln Park,affluent,2,transparent,T2,True,The area in question is Lincoln Park in Chicago.,-3.6458333333333335,-4.5625,-0.9166666666666665
name,S8,Chicago,Lakeview,affluent,1,transparent,T1,False,"The affected neighborhood is Lakeview, Chicago.",-5.458333333333333,-6.541666666666667,-1.083333333333334
name,S8,Chicago,Lakeview,affluent,1,transparent,T1,True,"The affected neighborhood is Lakeview, Chicago.",-3.5208333333333335,-4.854166666666667,-1.3333333333333335
name,S8,Chicago,Lakeview,affluent,1,transparent,T2,False,The area in question is Lakeview in Chicago.,-5.416666666666667,-6.541666666666667,-1.125
name,S8,Chicago,Lakeview,affluent,1,transparent,T2,True,The area in question is Lakeview in Chicago.,-3.5833333333333335,-4.729166666666667,-1.1458333333333335
name,S8,Chicago,Winnetka,affluent,1,opaque,T1,False,"The affected neighborhood is Winnetka, Chicago.",-5.375,-6.416666666666667,-1.041666666666667
name,S8,Chicago,Winnetka,affluent,1,opaque,T1,True,"The affected neighborhood is Winnetka, Chicago.",-3.5208333333333335,-4.770833333333333,-1.2499999999999996
name,S8,Chicago,Winnetka,affluent,1,opaque,T2,False,The area in question is Winnetka in Chicago.,-5.458333333333333,-6.5,-1.041666666666667
name,S8,Chicago,Winnetka,affluent,1,opaque,T2,True,The area in question is Winnetka in Chicago.,-3.5,-4.770833333333333,-1.270833333333333
name,S8,Chicago,Englewood,under_resourced,1,semi,T1,False,"The affected neighborhood is Englewood, Chicago.",-5.5,-6.25,-0.75
name,S8,Chicago,Englewood,under_resourced,1,semi,T1,True,"The affected neighborhood is Englewood, Chicago.",-3.75,-4.333333333333333,-0.583333333333333
name,S8,Chicago,Englewood,under_resourced,1,semi,T2,False,The area in question is Englewood in Chicago.,-5.416666666666667,-6.208333333333333,-0.7916666666666661
name,S8,Chicago,Englewood,under_resourced,1,semi,T2,True,The area in question is Englewood in Chicago.,-3.7291666666666665,-4.291666666666667,-0.5625000000000004
name,S8,Chicago,Austin,under_resourced,1,opaque,T1,False,"The affected neighborhood is Austin, Chicago.",-5.541666666666667,-6.333333333333333,-0.7916666666666661
name,S8,Chicago,Austin,under_resourced,1,opaque,T1,True,"The affected neighborhood is Austin, Chicago.",-3.6666666666666665,-4.5,-0.8333333333333335
name,S8,Chicago,Austin,under_resourced,1,opaque,T2,False,The area in question is Austin in Chicago.,-5.541666666666667,-6.5,-0.958333333333333
name,S8,Chicago,Austin,under_resourced,1,opaque,T2,True,The area in question is Austin in Chicago.,-3.5833333333333335,-4.729166666666667,-1.1458333333333335
name,S8,Chicago,Harvey,under_resourced,1,opaque,T1,False,"The affected neighborhood is Harvey, Chicago.",-5.5,-6.583333333333333,-1.083333333333333
name,S8,Chicago,Harvey,under_resourced,1,opaque,T1,True,"The affected neighborhood is Harvey, Chicago.",-3.4791666666666665,-5.1875,-1.7083333333333335
name,S8,Chicago,Harvey,under_resourced,1,opaque,T2,False,The area in question is Harvey in Chicago.,-5.5,-6.458333333333333,-0.958333333333333
name,S8,Chicago,Harvey,under_resourced,1,opaque,T2,True,The area in question is Harvey in Chicago.,-3.5,-5.125,-1.625
name,S8,Los Angeles,Brentwood,affluent,1,semi,T1,False,"The affected neighborhood is Brentwood, Los Angeles.",-5.5,-6.5,-1.0
name,S8,Los Angeles,Brentwood,affluent,1,semi,T1,True,"The affected neighborhood is Brentwood, Los Angeles.",-3.6041666666666665,-4.6875,-1.0833333333333335
name,S8,Los Angeles,Brentwood,affluent,1,semi,T2,False,The area in question is Brentwood in Los Angeles.,-5.583333333333333,-6.625,-1.041666666666667
name,S8,Los Angeles,Brentwood,affluent,1,semi,T2,True,The area in question is Brentwood in Los Angeles.,-3.625,-4.6875,-1.0625
name,S8,Los Angeles,Beverly Grove,affluent,2,transparent,T1,False,"The affected neighborhood is Beverly Grove, Los Angeles.",-5.5,-6.5,-1.0
name,S8,Los Angeles,Beverly Grove,affluent,2,transparent,T1,True,"The affected neighborhood is Beverly Grove, Los Angeles.",-3.6041666666666665,-4.625,-1.0208333333333335
name,S8,Los Angeles,Beverly Grove,affluent,2,transparent,T2,False,The area in question is Beverly Grove in Los Angeles.,-5.5,-6.458333333333333,-0.958333333333333
name,S8,Los Angeles,Beverly Grove,affluent,2,transparent,T2,True,The area in question is Beverly Grove in Los Angeles.,-3.625,-4.5625,-0.9375
name,S8,Los Angeles,Pasadena,affluent,1,opaque,T1,False,"The affected neighborhood is Pasadena, Los Angeles.",-5.541666666666667,-6.333333333333333,-0.7916666666666661
name,S8,Los Angeles,Pasadena,affluent,1,opaque,T1,True,"The affected neighborhood is Pasadena, Los Angeles.",-3.7291666666666665,-4.333333333333333,-0.6041666666666665
name,S8,Los Angeles,Pasadena,affluent,1,opaque,T2,False,The area in question is Pasadena in Los Angeles.,-5.541666666666667,-6.458333333333333,-0.9166666666666661
name,S8,Los Angeles,Pasadena,affluent,1,opaque,T2,True,The area in question is Pasadena in Los Angeles.,-3.6458333333333335,-4.583333333333333,-0.9374999999999996
name,S8,Los Angeles,Watts,under_resourced,1,opaque,T1,False,"The affected neighborhood is Watts, Los Angeles.",-5.375,-5.583333333333333,-0.20833333333333304
name,S8,Los Angeles,Watts,under_resourced,1,opaque,T1,True,"The affected neighborhood is Watts, Los Angeles.",-4.395833333333333,-3.8125,0.583333333333333
name,S8,Los Angeles,Watts,under_resourced,1,opaque,T2,False,The area in question is Watts in Los Angeles.,-5.375,-5.75,-0.375
name,S8,Los Angeles,Watts,under_resourced,1,opaque,T2,True,The area in question is Watts in Los Angeles.,-4.354166666666667,-3.8541666666666665,0.5000000000000004
name,S8,Los Angeles,Compton,under_resourced,1,opaque,T1,False,"The affected neighborhood is Compton, Los Angeles.",-5.3125,-6.375,-1.0625
name,S8,Los Angeles,Compton,under_resourced,1,opaque,T1,True,"The affected neighborhood is Compton, Los Angeles.",-3.5833333333333335,-5.125,-1.5416666666666665
name,S8,Los Angeles,Compton,under_resourced,1,opaque,T2,False,The area in question is Compton in Los Angeles.,-5.375,-6.583333333333333,-1.208333333333333
name,S8,Los Angeles,Compton,under_resourced,1,opaque,T2,True,The area in question is Compton in Los Angeles.,-3.5208333333333335,-5.166666666666667,-1.6458333333333335
name,S8,Los Angeles,Inglewood,under_resourced,1,semi,T1,False,"The affected neighborhood is Inglewood, Los Angeles.",-5.5,-6.375,-0.875
name,S8,Los Angeles,Inglewood,under_resourced,1,semi,T1,True,"The affected neighborhood is Inglewood, Los Angeles.",-3.6458333333333335,-4.5,-0.8541666666666665
name,S8,Los Angeles,Inglewood,under_resourced,1,semi,T2,False,The area in question is Inglewood in Los Angeles.,-5.541666666666667,-6.416666666666667,-0.875
name,S8,Los Angeles,Inglewood,under_resourced,1,semi,T2,True,The area in question is Inglewood in Los Angeles.,-3.5625,-4.729166666666667,-1.166666666666667
